<?xml version="1.0" encoding="UTF-8"?>
<Tokens version="1.0">
	<File path="Classes/ETCloudPageDataSource.html">
		
		<Token>
			<TokenIdentifier>//apple_ref/occ/cl/ETCloudPageDataSource</TokenIdentifier>
			<Abstract type="html">The ETCloudPageDataSource is an interface object for CloudPage support. It was designed to be used as the datasource for a UITableView, and can be allocated and used as such without too much other customization. Of course, you are welcomed to use it any way you want other than that.</Abstract>
			<DeclaredIn>ETCloudPageDataSource.h</DeclaredIn>
            
			
			<NodeRef refid="3"/>
		</Token>
		
		
		<Token>
			<TokenIdentifier>//apple_ref/occ/instm/ETCloudPageDataSource/setMessages:</TokenIdentifier>
			<Abstract type="html">This array contains ETCloudPages, suitable for display in a UITableView or other presentation apparatus of your liking. Please see ETRichMessage for a list of properties available.</Abstract>
			<DeclaredIn>ETCloudPageDataSource.h</DeclaredIn>
			
			<Declaration>@property (nonatomic, strong, nullable) NSArray&lt;__kindofETCloudPage*&gt; *messages</Declaration>
			
			
			<Anchor>//api/name/messages</Anchor>
            <NodeRef refid="3"/>
		</Token>
		
		<Token>
			<TokenIdentifier>//apple_ref/occ/instm/ETCloudPageDataSource/messages</TokenIdentifier>
			<Abstract type="html">This array contains ETCloudPages, suitable for display in a UITableView or other presentation apparatus of your liking. Please see ETRichMessage for a list of properties available.</Abstract>
			<DeclaredIn>ETCloudPageDataSource.h</DeclaredIn>
			
			<Declaration>@property (nonatomic, strong, nullable) NSArray&lt;__kindofETCloudPage*&gt; *messages</Declaration>
			
			
			<Anchor>//api/name/messages</Anchor>
            <NodeRef refid="3"/>
		</Token>
		
		<Token>
			<TokenIdentifier>//apple_ref/occ/instp/ETCloudPageDataSource/messages</TokenIdentifier>
			<Abstract type="html">This array contains ETCloudPages, suitable for display in a UITableView or other presentation apparatus of your liking. Please see ETRichMessage for a list of properties available.</Abstract>
			<DeclaredIn>ETCloudPageDataSource.h</DeclaredIn>
			
			<Declaration>@property (nonatomic, strong, nullable) NSArray&lt;__kindofETCloudPage*&gt; *messages</Declaration>
			
			
			<Anchor>//api/name/messages</Anchor>
            <NodeRef refid="3"/>
		</Token>
		
		<Token>
			<TokenIdentifier>//apple_ref/occ/instm/ETCloudPageDataSource/setInboxTableView:</TokenIdentifier>
			<Abstract type="html">This is a reference to the tableview in your UIViewController. We need a reference to it to reload data periodically.</Abstract>
			<DeclaredIn>ETCloudPageDataSource.h</DeclaredIn>
			
			<Declaration>@property (nonatomic, weak, nullable) UITableView *inboxTableView</Declaration>
			
			
			<Anchor>//api/name/inboxTableView</Anchor>
            <NodeRef refid="3"/>
		</Token>
		
		<Token>
			<TokenIdentifier>//apple_ref/occ/instm/ETCloudPageDataSource/inboxTableView</TokenIdentifier>
			<Abstract type="html">This is a reference to the tableview in your UIViewController. We need a reference to it to reload data periodically.</Abstract>
			<DeclaredIn>ETCloudPageDataSource.h</DeclaredIn>
			
			<Declaration>@property (nonatomic, weak, nullable) UITableView *inboxTableView</Declaration>
			
			
			<Anchor>//api/name/inboxTableView</Anchor>
            <NodeRef refid="3"/>
		</Token>
		
		<Token>
			<TokenIdentifier>//apple_ref/occ/instp/ETCloudPageDataSource/inboxTableView</TokenIdentifier>
			<Abstract type="html">This is a reference to the tableview in your UIViewController. We need a reference to it to reload data periodically.</Abstract>
			<DeclaredIn>ETCloudPageDataSource.h</DeclaredIn>
			
			<Declaration>@property (nonatomic, weak, nullable) UITableView *inboxTableView</Declaration>
			
			
			<Anchor>//api/name/inboxTableView</Anchor>
            <NodeRef refid="3"/>
		</Token>
		
        
        
	</File>
</Tokens>