<?xml version="1.0" encoding="UTF-8"?>
<Tokens version="1.0">
	<File path="Constants/pushOriginationState.html">
		
		<Token>
			<TokenIdentifier>//apple_ref/c/tdef/pushOriginationState</TokenIdentifier>
			<Abstract type="html">Push Origination State</Abstract>
			<DeclaredIn>PushConstants.h</DeclaredIn>
            
			
			<NodeRef refid="29"/>
		</Token>
		
		
        
        <Token>
            <TokenIdentifier>//apple_ref/c/econst/PushOriginationStateBackground</TokenIdentifier>
            <Abstract type="html">PushOriginationStateBackground</Abstract>
            <Declaration>PushOriginationStateBackground</Declaration>
            
            <DeclaredIn>PushConstants.h</DeclaredIn>
            
            <NodeRef refid="29"/>
        </Token>
        
        <Token>
            <TokenIdentifier>//apple_ref/c/econst/PushOriginationStateForeground</TokenIdentifier>
            <Abstract type="html">PushOriginationStateForeground</Abstract>
            <Declaration>PushOriginationStateForeground</Declaration>
            
            <DeclaredIn>PushConstants.h</DeclaredIn>
            
            <NodeRef refid="29"/>
        </Token>
        
        
	</File>
</Tokens>