<?xml version="1.0" encoding="UTF-8"?>
<Tokens version="1.0">
	<File path="Constants/MPMessageSource.html">
		
		<Token>
			<TokenIdentifier>//apple_ref/c/tdef/MPMessageSource</TokenIdentifier>
			<Abstract type="html">Tracks where the currently parsing dictionary came from, because we run the values through twice to merge them together.</Abstract>
			<DeclaredIn>ETMessage.h</DeclaredIn>
            
			
			<NodeRef refid="23"/>
		</Token>
		
		
        
        <Token>
            <TokenIdentifier>//apple_ref/c/econst/MPMessageSourceDatabase</TokenIdentifier>
            <Abstract type="html">Database</Abstract>
            <Declaration>MPMessageSourceDatabase</Declaration>
            
            <DeclaredIn>ETMessage.h</DeclaredIn>
            
            <NodeRef refid="23"/>
        </Token>
        
        <Token>
            <TokenIdentifier>//apple_ref/c/econst/MPMessageSourceRemote</TokenIdentifier>
            <Abstract type="html">Salesforce via REST</Abstract>
            <Declaration>MPMessageSourceRemote</Declaration>
            
            <DeclaredIn>ETMessage.h</DeclaredIn>
            
            <NodeRef refid="23"/>
        </Token>
        
        
	</File>
</Tokens>