<?xml version="1.0" encoding="UTF-8"?>
<Tokens version="1.0">
	<File path="Classes/ETPush.html">
		
		<Token>
			<TokenIdentifier>//apple_ref/occ/cl/ETPush</TokenIdentifier>
			<Abstract type="html">This is the main interface to the Salesforce MobilePush SDK. It is meant to handle a lot of the heavy lifting with regards to sending data back to Salesforce.</Abstract>
			<DeclaredIn>ETPush.h</DeclaredIn>
            
			
			<NodeRef refid="10"/>
		</Token>
		
		
		<Token>
			<TokenIdentifier>//apple_ref/occ/clm/ETPush/pushManager</TokenIdentifier>
			<Abstract type="html">Returns (or initializes) the shared pushManager instance.</Abstract>
			<DeclaredIn>ETPush.h</DeclaredIn>
			
			<Declaration>+ (nullable instancetype)pushManager</Declaration>
			
			<ReturnValue><Abstract type="html">The singleton instance of an ETPush pushManager.</Abstract></ReturnValue>
			<Anchor>//api/name/pushManager</Anchor>
            <NodeRef refid="10"/>
		</Token>
		
		<Token>
			<TokenIdentifier>//apple_ref/occ/instm/ETPush/configureSDKWithAppID:andAccessToken:withAnalytics:andLocationServices:andProximityServices:andCloudPages:withPIAnalytics:error:</TokenIdentifier>
			<Abstract type="html">This is the main configuration method, responsible for setting credentials needed to communicate with Salesforce. If you are unsure of your accessToken or environment, please visit Code@ExactTarget</Abstract>
			<DeclaredIn>ETPush.h</DeclaredIn>
			
			<Declaration>- (BOOL)configureSDKWithAppID:(NSString *)etAppID andAccessToken:(NSString *)accessToken withAnalytics:(BOOL)analyticsState andLocationServices:(BOOL)locState andProximityServices:(BOOL)proximityState andCloudPages:(BOOL)cpState withPIAnalytics:(BOOL)pIAnalyticsState error:(NSError **)configureError</Declaration>
			<Parameters>
				<Parameter>
					<Name>etAppID</Name>
					<Abstract type="html">The App ID generated by Code@ExactTarget to identify the consumer app</Abstract>
				</Parameter><Parameter>
					<Name>accessToken</Name>
					<Abstract type="html">The designed token given to you by Code@ExactTarget that allows you access to the API</Abstract>
				</Parameter><Parameter>
					<Name>analyticsState</Name>
					<Abstract type="html">Whether or not to send analytic data back to Salesforce</Abstract>
				</Parameter><Parameter>
					<Name>locState</Name>
					<Abstract type="html">Whether or not to use Location Services</Abstract>
				</Parameter><Parameter>
					<Name>proximityState</Name>
					<Abstract type="html">Whether or not to use Proximity Services. Using proximity services requires setting locState to YES</Abstract>
				</Parameter><Parameter>
					<Name>cpState</Name>
					<Abstract type="html">Whether or not to use Cloud Pages</Abstract>
				</Parameter><Parameter>
					<Name>pIAnalyticsState</Name>
					<Abstract type="html">Whether or not to send Web and Mobile analytic data back to Salesforce</Abstract>
				</Parameter><Parameter>
					<Name>configureError</Name>
					<Abstract type="html">NSError object describing the error</Abstract>
				</Parameter>
			</Parameters>
			<ReturnValue><Abstract type="html">Returns YES if successful or NO if failed. Do not proceed if NO is returned</Abstract></ReturnValue>
			<Anchor>//api/name/configureSDKWithAppID:andAccessToken:withAnalytics:andLocationServices:andProximityServices:andCloudPages:withPIAnalytics:error:</Anchor>
            <NodeRef refid="10"/>
		</Token>
		
		<Token>
			<TokenIdentifier>//apple_ref/occ/instm/ETPush/shouldShowLocalAlert</TokenIdentifier>
			<Abstract type="html">Returns state of _showLocalAlert flag</Abstract>
			<DeclaredIn>ETPush.h</DeclaredIn>
			
			<Declaration>- (BOOL)shouldShowLocalAlert</Declaration>
			
			<ReturnValue><Abstract type="html">BOOL</Abstract></ReturnValue>
			<Anchor>//api/name/shouldShowLocalAlert</Anchor>
            <NodeRef refid="10"/>
		</Token>
		
		<Token>
			<TokenIdentifier>//apple_ref/occ/instm/ETPush/setOpenDirectDelegate:</TokenIdentifier>
			<Abstract type="html">Sets the OpenDirect delegate.</Abstract>
			<DeclaredIn>ETPush.h</DeclaredIn>
			
			<Declaration>- (void)setOpenDirectDelegate:(nullable id&lt;ExactTargetOpenDirectDelegate&gt;)delegate</Declaration>
			<Parameters>
				<Parameter>
					<Name>delegate</Name>
					<Abstract type="html">The object you wish to be called when an OpenDirect message is delivered.</Abstract>
				</Parameter>
			</Parameters>
			
			<Anchor>//api/name/setOpenDirectDelegate:</Anchor>
            <NodeRef refid="10"/>
		</Token>
		
		<Token>
			<TokenIdentifier>//apple_ref/occ/instm/ETPush/openDirectDelegate</TokenIdentifier>
			<Abstract type="html">Returns the OpenDirect delegate.</Abstract>
			<DeclaredIn>ETPush.h</DeclaredIn>
			
			<Declaration>- (nullable id&lt;ExactTargetOpenDirectDelegate&gt;)openDirectDelegate</Declaration>
			
			<ReturnValue><Abstract type="html">delegate The named OpenDirect delegate, or nil if there isn&apos;t one.</Abstract></ReturnValue>
			<Anchor>//api/name/openDirectDelegate</Anchor>
            <NodeRef refid="10"/>
		</Token>
		
		<Token>
			<TokenIdentifier>//apple_ref/occ/instm/ETPush/setCloudPageWithAlertDelegate:</TokenIdentifier>
			<Abstract type="html">Sets the cloudPageWithAlert delegate.</Abstract>
			<DeclaredIn>ETPush.h</DeclaredIn>
			
			<Declaration>- (void)setCloudPageWithAlertDelegate:(nullable id&lt;ExactTargetCloudPageWithAlertDelegate&gt;)delegate</Declaration>
			<Parameters>
				<Parameter>
					<Name>delegate</Name>
					<Abstract type="html">The object you wish to be called when an OpenDirect message is delivered.</Abstract>
				</Parameter>
			</Parameters>
			
			<Anchor>//api/name/setCloudPageWithAlertDelegate:</Anchor>
            <NodeRef refid="10"/>
		</Token>
		
		<Token>
			<TokenIdentifier>//apple_ref/occ/instm/ETPush/cloudPageWithAlertDelegate</TokenIdentifier>
			<Abstract type="html">Returns the cloudPageWithAlert delegate.</Abstract>
			<DeclaredIn>ETPush.h</DeclaredIn>
			
			<Declaration>- (nullable id&lt;ExactTargetCloudPageWithAlertDelegate&gt;)cloudPageWithAlertDelegate</Declaration>
			
			<ReturnValue><Abstract type="html">delegate The named cloudPageWithAlert delegate, or nil if there isn&apos;t one.</Abstract></ReturnValue>
			<Anchor>//api/name/cloudPageWithAlertDelegate</Anchor>
            <NodeRef refid="10"/>
		</Token>
		
		<Token>
			<TokenIdentifier>//apple_ref/occ/instm/ETPush/updateET</TokenIdentifier>
			<Abstract type="html">Triggers an immediate send of Registration data to Salesforce Marketing Cloud and will wait 60 seconds to send
for all calls made after the first call was made while the app is in foreground.</Abstract>
			<DeclaredIn>ETPush.h</DeclaredIn>
			
			<Declaration>- (void)updateET</Declaration>
			
			
			<Anchor>//api/name/updateET</Anchor>
            <NodeRef refid="10"/>
		</Token>
		
		<Token>
			<TokenIdentifier>//apple_ref/occ/instm/ETPush/registerForRemoteNotificationsWithDelegate:options:categories:completionHandler:</TokenIdentifier>
			<Abstract type="html">A one-shot method to get notification up and running in your app.</Abstract>
			<DeclaredIn>ETPush.h</DeclaredIn>
			
			<Declaration>- (void)registerForRemoteNotificationsWithDelegate:(_Nullable id&lt;UNUserNotificationCenterDelegate&gt;)delegate options:(UNAuthorizationOptions)options categories:(NSSet&lt;UNNotificationCategory*&gt; *_Nullable)categories completionHandler:(void ( ^ ) ( BOOL granted , NSError *_Nullable error ))completionHandler</Declaration>
			<Parameters>
				<Parameter>
					<Name>delegate</Name>
					<Abstract type="html">From Apple: &quot;To guarantee that your app is able to respond to actionable notifications, you must set the delegate before your app finishes launching. For example, this means setting the delegate before an iOS app’s applicationDidFinishLaunching: method returns.&quot; If desired, -setUserNotificationCenterDelegate may be called early in the app lifecycle, and registration later.</Abstract>
				</Parameter><Parameter>
					<Name>options</Name>
					<Abstract type="html">UNAuthorizationOptions must be passed for registration.</Abstract>
				</Parameter><Parameter>
					<Name>categories</Name>
					<Abstract type="html">A set of UNNotificationCategory objects for push notifications. These may be modified after registration via setUserNotificationCenterCategories.</Abstract>
				</Parameter><Parameter>
					<Name>completionHandler</Name>
					<Abstract type="html">Returns isGranted and error values to convey the results of registration.</Abstract>
				</Parameter>
			</Parameters>
			
			<Anchor>//api/name/registerForRemoteNotificationsWithDelegate:options:categories:completionHandler:</Anchor>
            <NodeRef refid="10"/>
		</Token>
		
		<Token>
			<TokenIdentifier>//apple_ref/occ/instm/ETPush/registeredForRemoteNotificationsWithCompletionHandler:</TokenIdentifier>
			<Abstract type="html">A convenience method around UNNotificationSettings&apos;s authorizationStatus to return registration status as well as the set of options.</Abstract>
			<DeclaredIn>ETPush.h</DeclaredIn>
			
			<Declaration>- (void)registeredForRemoteNotificationsWithCompletionHandler:(void ( ^ ) ( BOOL registered , UNAuthorizationOptions options ))completionHandler</Declaration>
			<Parameters>
				<Parameter>
					<Name>completionHandler</Name>
					<Abstract type="html">A handler returning the following: (registered A BOOL value reflecting the authorizationStatus is UNAuthorizationStatusAuthorized or not) (options UNAuthorizationOptions for current registration)</Abstract>
				</Parameter>
			</Parameters>
			
			<Anchor>//api/name/registeredForRemoteNotificationsWithCompletionHandler:</Anchor>
            <NodeRef refid="10"/>
		</Token>
		
		<Token>
			<TokenIdentifier>//apple_ref/occ/instm/ETPush/currentUserNotificationSettingsWithCompletionHandler:</TokenIdentifier>
			<Abstract type="html">A convenience method to return UNNotificationSettings.</Abstract>
			<DeclaredIn>ETPush.h</DeclaredIn>
			
			<Declaration>- (void)currentUserNotificationSettingsWithCompletionHandler:(void ( ^ ) ( UNNotificationSettings *settings ))completionHandler</Declaration>
			<Parameters>
				<Parameter>
					<Name>completionHandler</Name>
					<Abstract type="html">A handler returning the following: (settings UNNotificationSettings)</Abstract>
				</Parameter>
			</Parameters>
			
			<Anchor>//api/name/currentUserNotificationSettingsWithCompletionHandler:</Anchor>
            <NodeRef refid="10"/>
		</Token>
		
		<Token>
			<TokenIdentifier>//apple_ref/occ/instm/ETPush/setUserNotificationCenterDelegate:</TokenIdentifier>
			<Abstract type="html">A convenience method to set UNUserNotificationCenter&apos;s delegate.</Abstract>
			<DeclaredIn>ETPush.h</DeclaredIn>
			
			<Declaration>- (void)setUserNotificationCenterDelegate:(_Nullable id&lt;UNUserNotificationCenterDelegate&gt;)delegate</Declaration>
			<Parameters>
				<Parameter>
					<Name>delegate</Name>
					<Abstract type="html">A pointer to a class (typically, self) adhering to the UNUserNotificationCenterDelegate protocol</Abstract>
				</Parameter>
			</Parameters>
			
			<Anchor>//api/name/setUserNotificationCenterDelegate:</Anchor>
            <NodeRef refid="10"/>
		</Token>
		
		<Token>
			<TokenIdentifier>//apple_ref/occ/instm/ETPush/setUserNotificationCenterCategories:</TokenIdentifier>
			<Abstract type="html">A convenience method to set UNUserNotificationCenter&apos;s categories.</Abstract>
			<DeclaredIn>ETPush.h</DeclaredIn>
			
			<Declaration>- (void)setUserNotificationCenterCategories:(NSSet&lt;UNNotificationCategory*&gt; *_Nullable)categories</Declaration>
			<Parameters>
				<Parameter>
					<Name>categories</Name>
					<Abstract type="html">A set of UNNotificationCategory objects</Abstract>
				</Parameter>
			</Parameters>
			
			<Anchor>//api/name/setUserNotificationCenterCategories:</Anchor>
            <NodeRef refid="10"/>
		</Token>
		
		<Token>
			<TokenIdentifier>//apple_ref/occ/instm/ETPush/getUserNotificationCenterCategoriesWithCompletionHandler:</TokenIdentifier>
			<Abstract type="html">A convenience method to return get UNUserNotificationCenter categories.</Abstract>
			<DeclaredIn>ETPush.h</DeclaredIn>
			
			<Declaration>- (void)getUserNotificationCenterCategoriesWithCompletionHandler:(void ( ^ ) ( NSSet&lt;UNNotificationCategory*&gt; *categories ))completionHandler</Declaration>
			<Parameters>
				<Parameter>
					<Name>completionHandler</Name>
					<Abstract type="html">A handler returning the following: (categories A set of UNNotificationCategory objects)</Abstract>
				</Parameter>
			</Parameters>
			
			<Anchor>//api/name/getUserNotificationCenterCategoriesWithCompletionHandler:</Anchor>
            <NodeRef refid="10"/>
		</Token>
		
		<Token>
			<TokenIdentifier>//apple_ref/occ/instm/ETPush/addNotificationRequest:withCompletionHandler:</TokenIdentifier>
			<Abstract type="html">A convenience method to add a notification for delivery.</Abstract>
			<DeclaredIn>ETPush.h</DeclaredIn>
			
			<Declaration>- (void)addNotificationRequest:(UNNotificationRequest *)request withCompletionHandler:(nullable void ( ^ ) ( NSError *__nullable error ))completionHandler</Declaration>
			<Parameters>
				<Parameter>
					<Name>request</Name>
					<Abstract type="html">A deliverable notification request</Abstract>
				</Parameter><Parameter>
					<Name>completionHandler</Name>
					<Abstract type="html">A handler returning the following: (error An error signifying success or failure)</Abstract>
				</Parameter>
			</Parameters>
			
			<Anchor>//api/name/addNotificationRequest:withCompletionHandler:</Anchor>
            <NodeRef refid="10"/>
		</Token>
		
		<Token>
			<TokenIdentifier>//apple_ref/occ/instm/ETPush/getPendingNotificationRequestsWithCompletionHandler:</TokenIdentifier>
			<Abstract type="html">A convenience method to get notifications pending delivery.</Abstract>
			<DeclaredIn>ETPush.h</DeclaredIn>
			
			<Declaration>- (void)getPendingNotificationRequestsWithCompletionHandler:(void ( ^ ) ( NSArray&lt;UNNotificationRequest*&gt; *requests ))completionHandler</Declaration>
			<Parameters>
				<Parameter>
					<Name>completionHandler</Name>
					<Abstract type="html">A handler returning the following: (requests An array of notification requests)</Abstract>
				</Parameter>
			</Parameters>
			
			<Anchor>//api/name/getPendingNotificationRequestsWithCompletionHandler:</Anchor>
            <NodeRef refid="10"/>
		</Token>
		
		<Token>
			<TokenIdentifier>//apple_ref/occ/instm/ETPush/removePendingNotificationRequestsWithIdentifiers:</TokenIdentifier>
			<Abstract type="html">A convenience method to remove notifications pending delivery.</Abstract>
			<DeclaredIn>ETPush.h</DeclaredIn>
			
			<Declaration>- (void)removePendingNotificationRequestsWithIdentifiers:(NSArray&lt;NSString*&gt; *)identifiers</Declaration>
			<Parameters>
				<Parameter>
					<Name>identifiers</Name>
					<Abstract type="html">An array of notification identifiers to remove</Abstract>
				</Parameter>
			</Parameters>
			
			<Anchor>//api/name/removePendingNotificationRequestsWithIdentifiers:</Anchor>
            <NodeRef refid="10"/>
		</Token>
		
		<Token>
			<TokenIdentifier>//apple_ref/occ/instm/ETPush/removeAllPendingNotificationRequests</TokenIdentifier>
			<Abstract type="html">A convenience method to remove all notifications pending delivery.</Abstract>
			<DeclaredIn>ETPush.h</DeclaredIn>
			
			<Declaration>- (void)removeAllPendingNotificationRequests</Declaration>
			
			
			<Anchor>//api/name/removeAllPendingNotificationRequests</Anchor>
            <NodeRef refid="10"/>
		</Token>
		
		<Token>
			<TokenIdentifier>//apple_ref/occ/instm/ETPush/getDeliveredNotificationsWithCompletionHandler:</TokenIdentifier>
			<Abstract type="html">A convenience method to get notifications already delivered.</Abstract>
			<DeclaredIn>ETPush.h</DeclaredIn>
			
			<Declaration>- (void)getDeliveredNotificationsWithCompletionHandler:(void ( ^ ) ( NSArray&lt;UNNotification*&gt; *notifications ))completionHandler</Declaration>
			<Parameters>
				<Parameter>
					<Name>completionHandler</Name>
					<Abstract type="html">A handler returning the following: (notifications An array of delivered notifications)</Abstract>
				</Parameter>
			</Parameters>
			
			<Anchor>//api/name/getDeliveredNotificationsWithCompletionHandler:</Anchor>
            <NodeRef refid="10"/>
		</Token>
		
		<Token>
			<TokenIdentifier>//apple_ref/occ/instm/ETPush/removeDeliveredNotificationsWithIdentifiers:</TokenIdentifier>
			<Abstract type="html">A convenience method to remove notifications which have been delivered.</Abstract>
			<DeclaredIn>ETPush.h</DeclaredIn>
			
			<Declaration>- (void)removeDeliveredNotificationsWithIdentifiers:(NSArray&lt;NSString*&gt; *)identifiers</Declaration>
			<Parameters>
				<Parameter>
					<Name>identifiers</Name>
					<Abstract type="html">An array of notification identifiers to remove</Abstract>
				</Parameter>
			</Parameters>
			
			<Anchor>//api/name/removeDeliveredNotificationsWithIdentifiers:</Anchor>
            <NodeRef refid="10"/>
		</Token>
		
		<Token>
			<TokenIdentifier>//apple_ref/occ/instm/ETPush/removeAllDeliveredNotifications</TokenIdentifier>
			<Abstract type="html">A convenience method to remove all notifications which have been delivered.</Abstract>
			<DeclaredIn>ETPush.h</DeclaredIn>
			
			<Declaration>- (void)removeAllDeliveredNotifications</Declaration>
			
			
			<Anchor>//api/name/removeAllDeliveredNotifications</Anchor>
            <NodeRef refid="10"/>
		</Token>
		
		<Token>
			<TokenIdentifier>//apple_ref/occ/instm/ETPush/registerForRemoteNotifications</TokenIdentifier>
			<Abstract type="html">Wrapper for iOS&apos; application:registerForRemoteNotification; call. It will check that push is allowed, and if so, register with Apple for a token. If push is not enabled, it will notify Salesforce that push is disabled.</Abstract>
			<DeclaredIn>ETPush.h</DeclaredIn>
			
			<Declaration>- (void)registerForRemoteNotifications</Declaration>
			
			
			<Anchor>//api/name/registerForRemoteNotifications</Anchor>
            <NodeRef refid="10"/>
		</Token>
		
		<Token>
			<TokenIdentifier>//apple_ref/occ/instm/ETPush/isRegisteredForRemoteNotifications</TokenIdentifier>
			<Abstract type="html">Wrapper for iOS&apos; isRegisteredForRemoteNotifications; call.</Abstract>
			<DeclaredIn>ETPush.h</DeclaredIn>
			
			<Declaration>- (BOOL)isRegisteredForRemoteNotifications</Declaration>
			
			<ReturnValue><Abstract type="html">BOOL</Abstract></ReturnValue>
			<Anchor>//api/name/isRegisteredForRemoteNotifications</Anchor>
            <NodeRef refid="10"/>
		</Token>
		
		<Token>
			<TokenIdentifier>//apple_ref/occ/instm/ETPush/registerUserNotificationSettings:</TokenIdentifier>
			<Abstract type="html">Wrapper for iOS&apos; application:registerUserNotificationSettings; call.</Abstract>
			<DeclaredIn>ETPush.h</DeclaredIn>
			
			<Declaration>- (void)registerUserNotificationSettings:(UIUserNotificationSettings *)notificationSettings</Declaration>
			<Parameters>
				<Parameter>
					<Name>notificationSettings</Name>
					<Abstract type="html">The UIUserNotificationSettings object that the application would like to use for push. These are pipe-delimited, and use Apple&apos;s native values</Abstract>
				</Parameter>
			</Parameters>
			
			<Anchor>//api/name/registerUserNotificationSettings:</Anchor>
            <NodeRef refid="10"/>
		</Token>
		
		<Token>
			<TokenIdentifier>//apple_ref/occ/instm/ETPush/currentUserNotificationSettings</TokenIdentifier>
			<Abstract type="html">Wrapper for iOS&apos; currentUserNotificationSettings; call.</Abstract>
			<DeclaredIn>ETPush.h</DeclaredIn>
			
			<Declaration>- (UIUserNotificationSettings *)currentUserNotificationSettings</Declaration>
			
			<ReturnValue><Abstract type="html">Returns the current UIUserNotificationSettings object</Abstract></ReturnValue>
			<Anchor>//api/name/currentUserNotificationSettings</Anchor>
            <NodeRef refid="10"/>
		</Token>
		
		<Token>
			<TokenIdentifier>//apple_ref/occ/instm/ETPush/didRegisterUserNotificationSettings:</TokenIdentifier>
			<Abstract type="html">Wrapper for iOS&apos; didRegisterUserNotificationSettings; callback.</Abstract>
			<DeclaredIn>ETPush.h</DeclaredIn>
			
			<Declaration>- (void)didRegisterUserNotificationSettings:(UIUserNotificationSettings *)notificationSettings</Declaration>
			<Parameters>
				<Parameter>
					<Name>notificationSettings</Name>
					<Abstract type="html">A UIUserNotificationSettings object</Abstract>
				</Parameter>
			</Parameters>
			
			<Anchor>//api/name/didRegisterUserNotificationSettings:</Anchor>
            <NodeRef refid="10"/>
		</Token>
		
		<Token>
			<TokenIdentifier>//apple_ref/occ/instm/ETPush/registerDeviceToken:</TokenIdentifier>
			<Abstract type="html">Responsible for sending a received token back to Salesforce. It marks the end of the token registration flow. If it is unable to reach ET server, it will save the token and try again later.</Abstract>
			<DeclaredIn>ETPush.h</DeclaredIn>
			
			<Declaration>- (void)registerDeviceToken:(NSData *)deviceToken</Declaration>
			<Parameters>
				<Parameter>
					<Name>deviceToken</Name>
					<Abstract type="html">Token as received from Apple, still an NSData object</Abstract>
				</Parameter>
			</Parameters>
			
			<Anchor>//api/name/registerDeviceToken:</Anchor>
            <NodeRef refid="10"/>
		</Token>
		
		<Token>
			<TokenIdentifier>//apple_ref/occ/instm/ETPush/deviceToken</TokenIdentifier>
			<Abstract type="html">Returns the device token as a NSString. As requested via GitHub (Issue #3).</Abstract>
			<DeclaredIn>ETPush.h</DeclaredIn>
			
			<Declaration>- (nullable NSString *)deviceToken</Declaration>
			
			<ReturnValue><Abstract type="html">A stringified version of the Device Token</Abstract></ReturnValue>
			<Anchor>//api/name/deviceToken</Anchor>
            <NodeRef refid="10"/>
		</Token>
		
		<Token>
			<TokenIdentifier>//apple_ref/occ/instm/ETPush/applicationDidFailToRegisterForRemoteNotificationsWithError:</TokenIdentifier>
			<Abstract type="html">Handles a registration failure.</Abstract>
			<DeclaredIn>ETPush.h</DeclaredIn>
			
			<Declaration>- (void)applicationDidFailToRegisterForRemoteNotificationsWithError:(NSError *)error</Declaration>
			<Parameters>
				<Parameter>
					<Name>error</Name>
					<Abstract type="html">The error returned to the application on a registration failure
  </Abstract>
				</Parameter>
			</Parameters>
			
			<Anchor>//api/name/applicationDidFailToRegisterForRemoteNotificationsWithError:</Anchor>
            <NodeRef refid="10"/>
		</Token>
		
		<Token>
			<TokenIdentifier>//apple_ref/occ/instm/ETPush/resetBadgeCount</TokenIdentifier>
			<Abstract type="html">Reset the application&apos;s badge number to zero (aka, remove it). Call updateET to refresh the server with the current badge number. Note: updateET may not be fully processed by the server for a number of minutes; the server&apos;s badge value may be out of sync with the app for a short amount of time.</Abstract>
			<DeclaredIn>ETPush.h</DeclaredIn>
			
			<Declaration>- (void)resetBadgeCount</Declaration>
			
			
			<Anchor>//api/name/resetBadgeCount</Anchor>
            <NodeRef refid="10"/>
		</Token>
		
		<Token>
			<TokenIdentifier>//apple_ref/occ/instm/ETPush/shouldDisplayAlertViewIfPushReceived:</TokenIdentifier>
			<Abstract type="html">Tell the SDK to display a UIAlertView if a push is received while the app is already running. Default behavior is set to NO.</Abstract>
			<DeclaredIn>ETPush.h</DeclaredIn>
			
			<Declaration>- (void)shouldDisplayAlertViewIfPushReceived:(BOOL)desiredState</Declaration>
			<Parameters>
				<Parameter>
					<Name>desiredState</Name>
					<Abstract type="html">YES/NO if you want to display an alert view while the app is running.</Abstract>
				</Parameter>
			</Parameters>
			
			<Anchor>//api/name/shouldDisplayAlertViewIfPushReceived:</Anchor>
            <NodeRef refid="10"/>
		</Token>
		
		<Token>
			<TokenIdentifier>//apple_ref/occ/instm/ETPush/applicationLaunchedWithOptions:</TokenIdentifier>
			<Abstract type="html">Notifies the ET SDK of an app launch, including the dictionary sent to the app by iOS. The launchOptions dictionary is necessary because it will include the APNS dictionary, necessary for processing opens and other analytic information.</Abstract>
			<DeclaredIn>ETPush.h</DeclaredIn>
			
			<Declaration>- (void)applicationLaunchedWithOptions:(nullable NSDictionary *)launchOptions</Declaration>
			<Parameters>
				<Parameter>
					<Name>launchOptions</Name>
					<Abstract type="html">The dictionary passed to the application by iOS on launch.</Abstract>
				</Parameter>
			</Parameters>
			
			<Anchor>//api/name/applicationLaunchedWithOptions:</Anchor>
            <NodeRef refid="10"/>
		</Token>
		
		<Token>
			<TokenIdentifier>//apple_ref/occ/instm/ETPush/applicationTerminated</TokenIdentifier>
			<Abstract type="html">Notifies the ET SDK of an app termination. Internally, this method does a lot of cleanup.</Abstract>
			<DeclaredIn>ETPush.h</DeclaredIn>
			
			<Declaration>- (void)applicationTerminated</Declaration>
			
			
			<Anchor>//api/name/applicationTerminated</Anchor>
            <NodeRef refid="10"/>
		</Token>
		
		<Token>
			<TokenIdentifier>//apple_ref/occ/instm/ETPush/handleNotification:forApplicationState:</TokenIdentifier>
			<Abstract type="html">Handles a notification received by the app</Abstract>
			<DeclaredIn>ETPush.h</DeclaredIn>
			
			<Declaration>- (void)handleNotification:(NSDictionary *)userInfo forApplicationState:(UIApplicationState)applicationState</Declaration>
			<Parameters>
				<Parameter>
					<Name>userInfo</Name>
					<Abstract type="html">The dictionary containing the push notification payload</Abstract>
				</Parameter><Parameter>
					<Name>applicationState</Name>
					<Abstract type="html">UIApplicationState value used as a hint to the SDK to describe if the app was in the foreground or background when the notification payload is received by the application delegate, thereby facilitating propery SDK behavior and logging</Abstract>
				</Parameter>
			</Parameters>
			
			<Anchor>//api/name/handleNotification:forApplicationState:</Anchor>
            <NodeRef refid="10"/>
		</Token>
		
		<Token>
			<TokenIdentifier>//apple_ref/occ/instm/ETPush/handleRemoteNotification:</TokenIdentifier>
			<Abstract type="html">Handles a notification received by the app (typically, in response to -application:didReceiveRemoteNotification:fetchCompletionHandler:)</Abstract>
			<DeclaredIn>ETPush.h</DeclaredIn>
			
			<Declaration>- (void)handleRemoteNotification:(NSDictionary *_Nullable)userInfo</Declaration>
			<Parameters>
				<Parameter>
					<Name>userInfo</Name>
					<Abstract type="html">The dictionary containing the push notification payload</Abstract>
				</Parameter>
			</Parameters>
			
			<Anchor>//api/name/handleRemoteNotification:</Anchor>
            <NodeRef refid="10"/>
		</Token>
		
		<Token>
			<TokenIdentifier>//apple_ref/occ/instm/ETPush/handleLocalNotification:</TokenIdentifier>
			<Abstract type="html">Handles a notification received by the app (in response to -application:didReceiveLocalNotification:)</Abstract>
			<DeclaredIn>ETPush.h</DeclaredIn>
			
			<Declaration>- (void)handleLocalNotification:(UILocalNotification *_Nullable)localNotification</Declaration>
			<Parameters>
				<Parameter>
					<Name>localNotification</Name>
					<Abstract type="html">The localNotification received by the application</Abstract>
				</Parameter>
			</Parameters>
			
			<Anchor>//api/name/handleLocalNotification:</Anchor>
            <NodeRef refid="10"/>
		</Token>
		
		<Token>
			<TokenIdentifier>//apple_ref/occ/instm/ETPush/handleUserNotificationResponse:</TokenIdentifier>
			<Abstract type="html">Handles an iOS 10 notification received by the app (in response to -userNotificationCenter:didReceiveNotificationResponse:withCompletionHandler:)</Abstract>
			<DeclaredIn>ETPush.h</DeclaredIn>
			
			<Declaration>- (void)handleUserNotificationResponse:(UNNotificationResponse *_Nullable)notificationResponse</Declaration>
			<Parameters>
				<Parameter>
					<Name>notificationResponse</Name>
					<Abstract type="html">The UNNotificationResponse received by the application</Abstract>
				</Parameter>
			</Parameters>
			
			<Anchor>//api/name/handleUserNotificationResponse:</Anchor>
            <NodeRef refid="10"/>
		</Token>
		
		<Token>
			<TokenIdentifier>//apple_ref/occ/instm/ETPush/setSubscriberKey:</TokenIdentifier>
			<Abstract type="html">Accepts and sets the Subscriber Key for the device&apos;s user.</Abstract>
			<DeclaredIn>ETPush.h</DeclaredIn>
			
			<Declaration>- (BOOL)setSubscriberKey:(NSString *)subscriberKey</Declaration>
			<Parameters>
				<Parameter>
					<Name>subscriberKey</Name>
					<Abstract type="html">The subscriber key to attribute to the user.</Abstract>
				</Parameter>
			</Parameters>
			<ReturnValue><Abstract type="html">YES if set successfully</Abstract></ReturnValue>
			<Anchor>//api/name/setSubscriberKey:</Anchor>
            <NodeRef refid="10"/>
		</Token>
		
		<Token>
			<TokenIdentifier>//apple_ref/occ/instm/ETPush/getSubscriberKey</TokenIdentifier>
			<Abstract type="html">Returns the subscriber key for the active user, in case you need it.</Abstract>
			<DeclaredIn>ETPush.h</DeclaredIn>
			
			<Declaration>- (nullable NSString *)getSubscriberKey</Declaration>
			
			<ReturnValue><Abstract type="html">subscriberKey The code-set subscriber key.</Abstract></ReturnValue>
			<Anchor>//api/name/getSubscriberKey</Anchor>
            <NodeRef refid="10"/>
		</Token>
		
		<Token>
			<TokenIdentifier>//apple_ref/occ/instm/ETPush/addTag:</TokenIdentifier>
			<Abstract type="html">Adds the provided Tag (NSString) to the set of unique tags.</Abstract>
			<DeclaredIn>ETPush.h</DeclaredIn>
			
			<Declaration>- (BOOL)addTag:(NSString *)tag</Declaration>
			<Parameters>
				<Parameter>
					<Name>tag</Name>
					<Abstract type="html">A string to add to the list of tags</Abstract>
				</Parameter>
			</Parameters>
			<ReturnValue><Abstract type="html">YES if added successfully.</Abstract></ReturnValue>
			<Anchor>//api/name/addTag:</Anchor>
            <NodeRef refid="10"/>
		</Token>
		
		<Token>
			<TokenIdentifier>//apple_ref/occ/instm/ETPush/removeTag:</TokenIdentifier>
			<Abstract type="html">Removes the provided Tag (NSString) from the list of tags.</Abstract>
			<DeclaredIn>ETPush.h</DeclaredIn>
			
			<Declaration>- (nullable NSString *)removeTag:(NSString *)tag</Declaration>
			<Parameters>
				<Parameter>
					<Name>tag</Name>
					<Abstract type="html">A string to remove from the list of tags</Abstract>
				</Parameter>
			</Parameters>
			<ReturnValue><Abstract type="html">tag Echoes the tag back on successful removal, or nil if something failed.</Abstract></ReturnValue>
			<Anchor>//api/name/removeTag:</Anchor>
            <NodeRef refid="10"/>
		</Token>
		
		<Token>
			<TokenIdentifier>//apple_ref/occ/instm/ETPush/allTags</TokenIdentifier>
			<Abstract type="html">Returns the list of tags for this device. (&lt;b class=&quot;deprecated&quot;&gt;Deprecated:&lt;/b&gt;&lt;span class=&quot;deprecated&quot;&gt; Feb 29 2016&lt;/span&gt;)</Abstract>
			<DeclaredIn>ETPush.h</DeclaredIn>
			
			<Declaration>- (NSSet *)allTags</Declaration>
			
			<ReturnValue><Abstract type="html">All tags associated.</Abstract></ReturnValue>
			<Anchor>//api/name/allTags</Anchor>
            <NodeRef refid="10"/>
		</Token>
		
		<Token>
			<TokenIdentifier>//apple_ref/occ/instm/ETPush/getTags</TokenIdentifier>
			<Abstract type="html">Returns the list of tags for this device.</Abstract>
			<DeclaredIn>ETPush.h</DeclaredIn>
			
			<Declaration>- (NSSet *)getTags</Declaration>
			
			<ReturnValue><Abstract type="html">All tags associated.</Abstract></ReturnValue>
			<Anchor>//api/name/getTags</Anchor>
            <NodeRef refid="10"/>
		</Token>
		
		<Token>
			<TokenIdentifier>//apple_ref/occ/instm/ETPush/addAttributeNamed:value:</TokenIdentifier>
			<Abstract type="html">Adds an attribute to the data set sent to Salesforce.</Abstract>
			<DeclaredIn>ETPush.h</DeclaredIn>
			
			<Declaration>- (BOOL)addAttributeNamed:(NSString *)name value:(NSString *)value</Declaration>
			<Parameters>
				<Parameter>
					<Name>name</Name>
					<Abstract type="html">The name of the attribute you wish to send. This will be the key of the pair.</Abstract>
				</Parameter><Parameter>
					<Name>value</Name>
					<Abstract type="html">The value to set for the data pair.</Abstract>
				</Parameter>
			</Parameters>
			<ReturnValue><Abstract type="html">YES if added successfully</Abstract></ReturnValue>
			<Anchor>//api/name/addAttributeNamed:value:</Anchor>
            <NodeRef refid="10"/>
		</Token>
		
		<Token>
			<TokenIdentifier>//apple_ref/occ/instm/ETPush/removeAttributeNamed:</TokenIdentifier>
			<Abstract type="html">Removes the provided attribute from the data set to send to Salesforce.  The value is not changed on the SFMC.</Abstract>
			<DeclaredIn>ETPush.h</DeclaredIn>
			
			<Declaration>- (nullable NSString *)removeAttributeNamed:(NSString *)name</Declaration>
			<Parameters>
				<Parameter>
					<Name>name</Name>
					<Abstract type="html">The name of the attribute you wish to remove.</Abstract>
				</Parameter>
			</Parameters>
			<ReturnValue><Abstract type="html">Returns the value that was set. It will no longer be sent back to Salesforce.</Abstract></ReturnValue>
			<Anchor>//api/name/removeAttributeNamed:</Anchor>
            <NodeRef refid="10"/>
		</Token>
		
		<Token>
			<TokenIdentifier>//apple_ref/occ/instm/ETPush/allAttributes</TokenIdentifier>
			<Abstract type="html">Returns a read-only copy of the Attributes dictionary as it is right now. (&lt;b class=&quot;deprecated&quot;&gt;Deprecated:&lt;/b&gt;&lt;span class=&quot;deprecated&quot;&gt; Feb 29 2016&lt;/span&gt;)</Abstract>
			<DeclaredIn>ETPush.h</DeclaredIn>
			
			<Declaration>- (NSDictionary *)allAttributes</Declaration>
			
			<ReturnValue><Abstract type="html">All attributes currently set</Abstract></ReturnValue>
			<Anchor>//api/name/allAttributes</Anchor>
            <NodeRef refid="10"/>
		</Token>
		
		<Token>
			<TokenIdentifier>//apple_ref/occ/instm/ETPush/getAttributes</TokenIdentifier>
			<Abstract type="html">Returns a read-only copy of the Attributes dictionary as it is right now.</Abstract>
			<DeclaredIn>ETPush.h</DeclaredIn>
			
			<Declaration>- (NSDictionary *)getAttributes</Declaration>
			
			<ReturnValue><Abstract type="html">All attributes currently set</Abstract></ReturnValue>
			<Anchor>//api/name/getAttributes</Anchor>
            <NodeRef refid="10"/>
		</Token>
		
		<Token>
			<TokenIdentifier>//apple_ref/occ/instm/ETPush/startListeningForApplicationNotifications</TokenIdentifier>
			<Abstract type="html">Sets up the listeners.</Abstract>
			<DeclaredIn>ETPush.h</DeclaredIn>
			
			<Declaration>- (void)startListeningForApplicationNotifications</Declaration>
			
			
			<Anchor>//api/name/startListeningForApplicationNotifications</Anchor>
            <NodeRef refid="10"/>
		</Token>
		
		<Token>
			<TokenIdentifier>//apple_ref/occ/instm/ETPush/stopListeningForApplicationNotifications</TokenIdentifier>
			<Abstract type="html">Drops the listeners.</Abstract>
			<DeclaredIn>ETPush.h</DeclaredIn>
			
			<Declaration>- (void)stopListeningForApplicationNotifications</Declaration>
			
			
			<Anchor>//api/name/stopListeningForApplicationNotifications</Anchor>
            <NodeRef refid="10"/>
		</Token>
		
		<Token>
			<TokenIdentifier>//apple_ref/occ/instm/ETPush/applicationDidBecomeActiveNotificationReceived</TokenIdentifier>
			<Abstract type="html">Responds to the UIApplicationDidBecomeActiveNotification notification</Abstract>
			<DeclaredIn>ETPush.h</DeclaredIn>
			
			<Declaration>- (void)applicationDidBecomeActiveNotificationReceived</Declaration>
			
			
			<Anchor>//api/name/applicationDidBecomeActiveNotificationReceived</Anchor>
            <NodeRef refid="10"/>
		</Token>
		
		<Token>
			<TokenIdentifier>//apple_ref/occ/instm/ETPush/applicationDidEnterBackgroundNotificationReceived</TokenIdentifier>
			<Abstract type="html">Responds to the UIApplicationDidEnterBackgroundNotification notification</Abstract>
			<DeclaredIn>ETPush.h</DeclaredIn>
			
			<Declaration>- (void)applicationDidEnterBackgroundNotificationReceived</Declaration>
			
			
			<Anchor>//api/name/applicationDidEnterBackgroundNotificationReceived</Anchor>
            <NodeRef refid="10"/>
		</Token>
		
		<Token>
			<TokenIdentifier>//apple_ref/occ/clm/ETPush/safeDeviceIdentifier</TokenIdentifier>
			<Abstract type="html">Gets the Apple-safe, unique Device Identifier that ET will later use to identify the device.</Abstract>
			<DeclaredIn>ETPush.h</DeclaredIn>
			
			<Declaration>+ (NSString *)safeDeviceIdentifier</Declaration>
			
			
			<Anchor>//api/name/safeDeviceIdentifier</Anchor>
            <NodeRef refid="10"/>
		</Token>
		
		<Token>
			<TokenIdentifier>//apple_ref/occ/clm/ETPush/hardwareIdentifier</TokenIdentifier>
			<Abstract type="html">Returns the hardware identification string, like &quot;iPhone1,1&quot;. Salesforce uses this data for segmentation.</Abstract>
			<DeclaredIn>ETPush.h</DeclaredIn>
			
			<Declaration>+ (NSString *)hardwareIdentifier</Declaration>
			
			<ReturnValue><Abstract type="html">A string of the hardware identification.</Abstract></ReturnValue>
			<Anchor>//api/name/hardwareIdentifier</Anchor>
            <NodeRef refid="10"/>
		</Token>
		
		<Token>
			<TokenIdentifier>//apple_ref/occ/clm/ETPush/isPushEnabled</TokenIdentifier>
			<Abstract type="html">Returns whether this device can receive Push Notifications.</Abstract>
			<DeclaredIn>ETPush.h</DeclaredIn>
			
			<Declaration>+ (BOOL)isPushEnabled</Declaration>
			
			
			<Anchor>//api/name/isPushEnabled</Anchor>
            <NodeRef refid="10"/>
		</Token>
		
		<Token>
			<TokenIdentifier>//apple_ref/occ/clm/ETPush/getSDKVersionName</TokenIdentifier>
			<Abstract type="html">Get SDK Version Name</Abstract>
			<DeclaredIn>ETPush.h</DeclaredIn>
			
			<Declaration>+ (NSString *)getSDKVersionName</Declaration>
			
			
			<Anchor>//api/name/getSDKVersionName</Anchor>
            <NodeRef refid="10"/>
		</Token>
		
		<Token>
			<TokenIdentifier>//apple_ref/occ/clm/ETPush/getSDKVersionCode</TokenIdentifier>
			<Abstract type="html">Get SDK Version Code</Abstract>
			<DeclaredIn>ETPush.h</DeclaredIn>
			
			<Declaration>+ (NSString *)getSDKVersionCode</Declaration>
			
			<ReturnValue><Abstract type="html">NSString value.</Abstract></ReturnValue>
			<Anchor>//api/name/getSDKVersionCode</Anchor>
            <NodeRef refid="10"/>
		</Token>
		
		<Token>
			<TokenIdentifier>//apple_ref/occ/clm/ETPush/setETLoggerToRequiredState:</TokenIdentifier>
			<Abstract type="html">Set the Log Level</Abstract>
			<DeclaredIn>ETPush.h</DeclaredIn>
			
			<Declaration>+ (void)setETLoggerToRequiredState:(BOOL)state</Declaration>
			<Parameters>
				<Parameter>
					<Name>state</Name>
					<Abstract type="html">type BOOL value.</Abstract>
				</Parameter>
			</Parameters>
			
			<Anchor>//api/name/setETLoggerToRequiredState:</Anchor>
            <NodeRef refid="10"/>
		</Token>
		
		<Token>
			<TokenIdentifier>//apple_ref/occ/clm/ETPush/setLoggerWithHandler:</TokenIdentifier>
			<Abstract type="html">To override the logging that the SDK does with your own logging code.  Adding this logging handler will
replace the logs that the SDK prints to the console.</Abstract>
			<DeclaredIn>ETPush.h</DeclaredIn>
			
			<Declaration>+ (void)setLoggerWithHandler:(void ( ^ __nullable ) ( NSString *))customLogger</Declaration>
			<Parameters>
				<Parameter>
					<Name>customLogger</Name>
					<Abstract type="html">- A completion handler that will be called each time the SDK logs to the console.  Instead of
                       calling NSLog to log to the console, the SDK will call this customLogger and provide the String
                       that was going to be logged.</Abstract>
				</Parameter>
			</Parameters>
			
			<Anchor>//api/name/setLoggerWithHandler:</Anchor>
            <NodeRef refid="10"/>
		</Token>
		
		<Token>
			<TokenIdentifier>//apple_ref/occ/clm/ETPush/getSDKState</TokenIdentifier>
			<Abstract type="html">Outputs a formatted, easily readable block of text describing the current status of the SDK.</Abstract>
			<DeclaredIn>ETPush.h</DeclaredIn>
			
			<Declaration>+ (nullable NSString *)getSDKState</Declaration>
			
			<ReturnValue><Abstract type="html">JSON string with values of the current state of the SDK</Abstract></ReturnValue>
			<Anchor>//api/name/getSDKState</Anchor>
            <NodeRef refid="10"/>
		</Token>
		
		<Token>
			<TokenIdentifier>//apple_ref/occ/instm/ETPush/refreshWithFetchCompletionHandler:</TokenIdentifier>
			<Abstract type="html">Ask ETPush to update its data. ETPush will throttle attempts based on the time since the last time this was called.</Abstract>
			<DeclaredIn>ETPush.h</DeclaredIn>
			
			<Declaration>- (BOOL)refreshWithFetchCompletionHandler:(void ( ^ __nullable ) ( UIBackgroundFetchResult result ))completionHandler</Declaration>
			<Parameters>
				<Parameter>
					<Name>completionHandler</Name>
					<Abstract type="html">The UIBackgroundFetchResult completion handler. This method will be called with UIBackgroundFetchResultNoData if no attempt was made to update data, otherwise it will be called with UIBackgroundFetchResultNewData after the update completes. If nil is passed, then process of the completion handler must be managed by the caller.</Abstract>
				</Parameter>
			</Parameters>
			<ReturnValue><Abstract type="html">True if ETPush did make an attempt at updating data</Abstract></ReturnValue>
			<Anchor>//api/name/refreshWithFetchCompletionHandler:</Anchor>
            <NodeRef refid="10"/>
		</Token>
		
		<Token>
			<TokenIdentifier>//apple_ref/occ/clm/ETPush/requestPIRecommendations:page:error:completionHandler:</TokenIdentifier>
			<Abstract type="html">Used to retrieve a JSON formatted string of recommendations from the Predictive Web section of the Marketing Cloud.</Abstract>
			<DeclaredIn>ETPush.h</DeclaredIn>
			
			<Declaration>+ (BOOL)requestPIRecommendations:(NSString *)mid page:(NSString *)page error:(NSError **)error completionHandler:(void ( ^ ) ( NSString *result , NSError *error ))completionHandler</Declaration>
			<Parameters>
				<Parameter>
					<Name>mid</Name>
					<Abstract type="html">An identifier used to locate the application specific recommendations</Abstract>
				</Parameter><Parameter>
					<Name>page</Name>
					<Abstract type="html">A recommendations page that has been created within the Predictive Web section of the Marketing Cloud</Abstract>
				</Parameter><Parameter>
					<Name>error</Name>
					<Abstract type="html">A pointer to a location to store an NSError object describing any error that occurred while sanity checking the input parameters. Can be nil.</Abstract>
				</Parameter><Parameter>
					<Name>completionHandler</Name>
					<Abstract type="html">A pointer to a user-supplied completion handler block. The completion handler will be called if requestPIRecommendations returns True. The result parameter of the completion handler will contain a JSON formatted string with the recommendations on a successfull call otherwise it will be nil and the error parameter will be filled with an NSError object describing the error.</Abstract>
				</Parameter>
			</Parameters>
			<ReturnValue><Abstract type="html">Returns T/F based on sanity checks of the input parameters. If False is returned the user completion handler will not be called.</Abstract></ReturnValue>
			<Anchor>//api/name/requestPIRecommendations:page:error:completionHandler:</Anchor>
            <NodeRef refid="10"/>
		</Token>
		
		<Token>
			<TokenIdentifier>//apple_ref/occ/clm/ETPush/requestPIRecommendations:page:retailer:error:completionHandler:</TokenIdentifier>
			<Abstract type="html">Used to retrieve a JSON formatted string of recommendations from the Predictive Web section of the Marketing Cloud.</Abstract>
			<DeclaredIn>ETPush.h</DeclaredIn>
			
			<Declaration>+ (BOOL)requestPIRecommendations:(NSString *)mid page:(NSString *)page retailer:(NSString *)retailer error:(NSError **)error completionHandler:(void ( ^ ) ( NSString *result , NSError *error ))completionHandler</Declaration>
			<Parameters>
				<Parameter>
					<Name>mid</Name>
					<Abstract type="html">An identifier used to locate the application specific recommendations</Abstract>
				</Parameter><Parameter>
					<Name>page</Name>
					<Abstract type="html">A recommendations page that has been created within the Predictive Web section of the Marketing Cloud</Abstract>
				</Parameter><Parameter>
					<Name>retailer</Name>
					<Abstract type="html">An identifier used to locate the application specific recommendations</Abstract>
				</Parameter><Parameter>
					<Name>error</Name>
					<Abstract type="html">A pointer to a location to store an NSError object describing any error that occurred while sanity checking the input parameters. Can be nil.</Abstract>
				</Parameter><Parameter>
					<Name>completionHandler</Name>
					<Abstract type="html">A pointer to a user-supplied completion handler block. The completion handler will be called if requestPIRecommendations returns True. The result parameter of the completion handler will contain a JSON formatted string with the recommendations on a successfull call otherwise it will be nil and the error parameter will be filled with an NSError object describing the error.</Abstract>
				</Parameter>
			</Parameters>
			<ReturnValue><Abstract type="html">Returns T/F based on sanity checks of the input parameters. If False is returned the user completion handler will not be called.</Abstract></ReturnValue>
			<Anchor>//api/name/requestPIRecommendations:page:retailer:error:completionHandler:</Anchor>
            <NodeRef refid="10"/>
		</Token>
		
        
        
	</File>
</Tokens>