<?xml version="1.0" encoding="UTF-8"?>
<Tokens version="1.0">
	<File path="Classes/ETEventMessage.html">
		
		<Token>
			<TokenIdentifier>//apple_ref/occ/cl/ETEventMessage</TokenIdentifier>
			<Abstract type="html">ETEventMessage is the local representation of a Message from Salesforce. They are multipurpose, sometimes representing a message that should be scheduled because of the entrance or exit of a Geofence, the proximal arrival to an iBeacon, or a CloudPage message downloaded from ET. Because of their multipurpose nature, there are a lot of different attributes on them, many of which may be null at any give time depending on the type of message.</Abstract>
			<DeclaredIn>ETEventMessage.h</DeclaredIn>
            
			
			<NodeRef refid="4"/>
		</Token>
		
		
		<Token>
			<TokenIdentifier>//apple_ref/occ/instm/ETEventMessage/setMessageIdentifier:</TokenIdentifier>
			<Abstract type="html">Encoded ID from Salesforce. Will match the ID in MobilePush. This is the primary key.</Abstract>
			<DeclaredIn>ETEventMessage.h</DeclaredIn>
			
			<Declaration>@property (nonatomic, readonly, copy, nullable) NSString *messageIdentifier</Declaration>
			
			
			<Anchor>//api/name/messageIdentifier</Anchor>
            <NodeRef refid="4"/>
		</Token>
		
		<Token>
			<TokenIdentifier>//apple_ref/occ/instm/ETEventMessage/messageIdentifier</TokenIdentifier>
			<Abstract type="html">Encoded ID from Salesforce. Will match the ID in MobilePush. This is the primary key.</Abstract>
			<DeclaredIn>ETEventMessage.h</DeclaredIn>
			
			<Declaration>@property (nonatomic, readonly, copy, nullable) NSString *messageIdentifier</Declaration>
			
			
			<Anchor>//api/name/messageIdentifier</Anchor>
            <NodeRef refid="4"/>
		</Token>
		
		<Token>
			<TokenIdentifier>//apple_ref/occ/instp/ETEventMessage/messageIdentifier</TokenIdentifier>
			<Abstract type="html">Encoded ID from Salesforce. Will match the ID in MobilePush. This is the primary key.</Abstract>
			<DeclaredIn>ETEventMessage.h</DeclaredIn>
			
			<Declaration>@property (nonatomic, readonly, copy, nullable) NSString *messageIdentifier</Declaration>
			
			
			<Anchor>//api/name/messageIdentifier</Anchor>
            <NodeRef refid="4"/>
		</Token>
		
		<Token>
			<TokenIdentifier>//apple_ref/occ/instm/ETEventMessage/setMessageName:</TokenIdentifier>
			<Abstract type="html">This is the name which is set on SalesforceMarketingCloud, while setting the ETMessage</Abstract>
			<DeclaredIn>ETEventMessage.h</DeclaredIn>
			
			<Declaration>@property (nonatomic, readonly, copy, nullable) NSString *messageName</Declaration>
			
			
			<Anchor>//api/name/messageName</Anchor>
            <NodeRef refid="4"/>
		</Token>
		
		<Token>
			<TokenIdentifier>//apple_ref/occ/instm/ETEventMessage/messageName</TokenIdentifier>
			<Abstract type="html">This is the name which is set on SalesforceMarketingCloud, while setting the ETMessage</Abstract>
			<DeclaredIn>ETEventMessage.h</DeclaredIn>
			
			<Declaration>@property (nonatomic, readonly, copy, nullable) NSString *messageName</Declaration>
			
			
			<Anchor>//api/name/messageName</Anchor>
            <NodeRef refid="4"/>
		</Token>
		
		<Token>
			<TokenIdentifier>//apple_ref/occ/instp/ETEventMessage/messageName</TokenIdentifier>
			<Abstract type="html">This is the name which is set on SalesforceMarketingCloud, while setting the ETMessage</Abstract>
			<DeclaredIn>ETEventMessage.h</DeclaredIn>
			
			<Declaration>@property (nonatomic, readonly, copy, nullable) NSString *messageName</Declaration>
			
			
			<Anchor>//api/name/messageName</Anchor>
            <NodeRef refid="4"/>
		</Token>
		
		<Token>
			<TokenIdentifier>//apple_ref/occ/instm/ETEventMessage/setMessageType:</TokenIdentifier>
			<Abstract type="html">The type of ETMessage being represented.</Abstract>
			<DeclaredIn>ETEventMessage.h</DeclaredIn>
			
			<Declaration>@property (nonatomic, readonly) MobilePushMessageType messageType</Declaration>
			
			
			<Anchor>//api/name/messageType</Anchor>
            <NodeRef refid="4"/>
		</Token>
		
		<Token>
			<TokenIdentifier>//apple_ref/occ/instm/ETEventMessage/messageType</TokenIdentifier>
			<Abstract type="html">The type of ETMessage being represented.</Abstract>
			<DeclaredIn>ETEventMessage.h</DeclaredIn>
			
			<Declaration>@property (nonatomic, readonly) MobilePushMessageType messageType</Declaration>
			
			
			<Anchor>//api/name/messageType</Anchor>
            <NodeRef refid="4"/>
		</Token>
		
		<Token>
			<TokenIdentifier>//apple_ref/occ/instp/ETEventMessage/messageType</TokenIdentifier>
			<Abstract type="html">The type of ETMessage being represented.</Abstract>
			<DeclaredIn>ETEventMessage.h</DeclaredIn>
			
			<Declaration>@property (nonatomic, readonly) MobilePushMessageType messageType</Declaration>
			
			
			<Anchor>//api/name/messageType</Anchor>
            <NodeRef refid="4"/>
		</Token>
		
		<Token>
			<TokenIdentifier>//apple_ref/occ/instm/ETEventMessage/setContentType:</TokenIdentifier>
			<Abstract type="html">Bitmask of features that this message has on it (CloudPage, Push only)</Abstract>
			<DeclaredIn>ETEventMessage.h</DeclaredIn>
			
			<Declaration>@property (nonatomic, readonly) MobilePushContentType contentType</Declaration>
			
			
			<Anchor>//api/name/contentType</Anchor>
            <NodeRef refid="4"/>
		</Token>
		
		<Token>
			<TokenIdentifier>//apple_ref/occ/instm/ETEventMessage/contentType</TokenIdentifier>
			<Abstract type="html">Bitmask of features that this message has on it (CloudPage, Push only)</Abstract>
			<DeclaredIn>ETEventMessage.h</DeclaredIn>
			
			<Declaration>@property (nonatomic, readonly) MobilePushContentType contentType</Declaration>
			
			
			<Anchor>//api/name/contentType</Anchor>
            <NodeRef refid="4"/>
		</Token>
		
		<Token>
			<TokenIdentifier>//apple_ref/occ/instp/ETEventMessage/contentType</TokenIdentifier>
			<Abstract type="html">Bitmask of features that this message has on it (CloudPage, Push only)</Abstract>
			<DeclaredIn>ETEventMessage.h</DeclaredIn>
			
			<Declaration>@property (nonatomic, readonly) MobilePushContentType contentType</Declaration>
			
			
			<Anchor>//api/name/contentType</Anchor>
            <NodeRef refid="4"/>
		</Token>
		
		<Token>
			<TokenIdentifier>//apple_ref/occ/instm/ETEventMessage/setAlert:</TokenIdentifier>
			<Abstract type="html">The alert text of the message. This displays on the screen.</Abstract>
			<DeclaredIn>ETEventMessage.h</DeclaredIn>
			
			<Declaration>@property (nonatomic, readonly, copy, nullable) NSString *alert</Declaration>
			
			
			<Anchor>//api/name/alert</Anchor>
            <NodeRef refid="4"/>
		</Token>
		
		<Token>
			<TokenIdentifier>//apple_ref/occ/instm/ETEventMessage/alert</TokenIdentifier>
			<Abstract type="html">The alert text of the message. This displays on the screen.</Abstract>
			<DeclaredIn>ETEventMessage.h</DeclaredIn>
			
			<Declaration>@property (nonatomic, readonly, copy, nullable) NSString *alert</Declaration>
			
			
			<Anchor>//api/name/alert</Anchor>
            <NodeRef refid="4"/>
		</Token>
		
		<Token>
			<TokenIdentifier>//apple_ref/occ/instp/ETEventMessage/alert</TokenIdentifier>
			<Abstract type="html">The alert text of the message. This displays on the screen.</Abstract>
			<DeclaredIn>ETEventMessage.h</DeclaredIn>
			
			<Declaration>@property (nonatomic, readonly, copy, nullable) NSString *alert</Declaration>
			
			
			<Anchor>//api/name/alert</Anchor>
            <NodeRef refid="4"/>
		</Token>
		
		<Token>
			<TokenIdentifier>//apple_ref/occ/instm/ETEventMessage/setSound:</TokenIdentifier>
			<Abstract type="html">The sound that should play, if any. Most of the time, either &quot;default&quot; or &quot;custom.caf&quot;, conventions enforced in MobilePush.</Abstract>
			<DeclaredIn>ETEventMessage.h</DeclaredIn>
			
			<Declaration>@property (nonatomic, readonly, copy, nullable) NSString *sound</Declaration>
			
			
			<Anchor>//api/name/sound</Anchor>
            <NodeRef refid="4"/>
		</Token>
		
		<Token>
			<TokenIdentifier>//apple_ref/occ/instm/ETEventMessage/sound</TokenIdentifier>
			<Abstract type="html">The sound that should play, if any. Most of the time, either &quot;default&quot; or &quot;custom.caf&quot;, conventions enforced in MobilePush.</Abstract>
			<DeclaredIn>ETEventMessage.h</DeclaredIn>
			
			<Declaration>@property (nonatomic, readonly, copy, nullable) NSString *sound</Declaration>
			
			
			<Anchor>//api/name/sound</Anchor>
            <NodeRef refid="4"/>
		</Token>
		
		<Token>
			<TokenIdentifier>//apple_ref/occ/instp/ETEventMessage/sound</TokenIdentifier>
			<Abstract type="html">The sound that should play, if any. Most of the time, either &quot;default&quot; or &quot;custom.caf&quot;, conventions enforced in MobilePush.</Abstract>
			<DeclaredIn>ETEventMessage.h</DeclaredIn>
			
			<Declaration>@property (nonatomic, readonly, copy, nullable) NSString *sound</Declaration>
			
			
			<Anchor>//api/name/sound</Anchor>
            <NodeRef refid="4"/>
		</Token>
		
		<Token>
			<TokenIdentifier>//apple_ref/occ/instm/ETEventMessage/setBadge:</TokenIdentifier>
			<Abstract type="html">The badge modifier. This should be a NSString in the form of &quot;+1&quot; or nothing at all. It&apos;s saved as a string because of that.</Abstract>
			<DeclaredIn>ETEventMessage.h</DeclaredIn>
			
			<Declaration>@property (nonatomic, readonly, copy, nullable) NSString *badge</Declaration>
			
			
			<Anchor>//api/name/badge</Anchor>
            <NodeRef refid="4"/>
		</Token>
		
		<Token>
			<TokenIdentifier>//apple_ref/occ/instm/ETEventMessage/badge</TokenIdentifier>
			<Abstract type="html">The badge modifier. This should be a NSString in the form of &quot;+1&quot; or nothing at all. It&apos;s saved as a string because of that.</Abstract>
			<DeclaredIn>ETEventMessage.h</DeclaredIn>
			
			<Declaration>@property (nonatomic, readonly, copy, nullable) NSString *badge</Declaration>
			
			
			<Anchor>//api/name/badge</Anchor>
            <NodeRef refid="4"/>
		</Token>
		
		<Token>
			<TokenIdentifier>//apple_ref/occ/instp/ETEventMessage/badge</TokenIdentifier>
			<Abstract type="html">The badge modifier. This should be a NSString in the form of &quot;+1&quot; or nothing at all. It&apos;s saved as a string because of that.</Abstract>
			<DeclaredIn>ETEventMessage.h</DeclaredIn>
			
			<Declaration>@property (nonatomic, readonly, copy, nullable) NSString *badge</Declaration>
			
			
			<Anchor>//api/name/badge</Anchor>
            <NodeRef refid="4"/>
		</Token>
		
		<Token>
			<TokenIdentifier>//apple_ref/occ/instm/ETEventMessage/setCategory:</TokenIdentifier>
			<Abstract type="html">The category name for an interactive notification if it has one.</Abstract>
			<DeclaredIn>ETEventMessage.h</DeclaredIn>
			
			<Declaration>@property (nonatomic, readonly, copy, nullable) NSString *category</Declaration>
			
			
			<Anchor>//api/name/category</Anchor>
            <NodeRef refid="4"/>
		</Token>
		
		<Token>
			<TokenIdentifier>//apple_ref/occ/instm/ETEventMessage/category</TokenIdentifier>
			<Abstract type="html">The category name for an interactive notification if it has one.</Abstract>
			<DeclaredIn>ETEventMessage.h</DeclaredIn>
			
			<Declaration>@property (nonatomic, readonly, copy, nullable) NSString *category</Declaration>
			
			
			<Anchor>//api/name/category</Anchor>
            <NodeRef refid="4"/>
		</Token>
		
		<Token>
			<TokenIdentifier>//apple_ref/occ/instp/ETEventMessage/category</TokenIdentifier>
			<Abstract type="html">The category name for an interactive notification if it has one.</Abstract>
			<DeclaredIn>ETEventMessage.h</DeclaredIn>
			
			<Declaration>@property (nonatomic, readonly, copy, nullable) NSString *category</Declaration>
			
			
			<Anchor>//api/name/category</Anchor>
            <NodeRef refid="4"/>
		</Token>
		
		<Token>
			<TokenIdentifier>//apple_ref/occ/instm/ETEventMessage/setKeyValuePairs:</TokenIdentifier>
			<Abstract type="html">An array of Key Value Pairs, or Custom Keys in local parlance, for this message. This will contain NSDictionary objects.</Abstract>
			<DeclaredIn>ETEventMessage.h</DeclaredIn>
			
			<Declaration>@property (nonatomic, readonly, copy, nullable) NSArray *keyValuePairs</Declaration>
			
			
			<Anchor>//api/name/keyValuePairs</Anchor>
            <NodeRef refid="4"/>
		</Token>
		
		<Token>
			<TokenIdentifier>//apple_ref/occ/instm/ETEventMessage/keyValuePairs</TokenIdentifier>
			<Abstract type="html">An array of Key Value Pairs, or Custom Keys in local parlance, for this message. This will contain NSDictionary objects.</Abstract>
			<DeclaredIn>ETEventMessage.h</DeclaredIn>
			
			<Declaration>@property (nonatomic, readonly, copy, nullable) NSArray *keyValuePairs</Declaration>
			
			
			<Anchor>//api/name/keyValuePairs</Anchor>
            <NodeRef refid="4"/>
		</Token>
		
		<Token>
			<TokenIdentifier>//apple_ref/occ/instp/ETEventMessage/keyValuePairs</TokenIdentifier>
			<Abstract type="html">An array of Key Value Pairs, or Custom Keys in local parlance, for this message. This will contain NSDictionary objects.</Abstract>
			<DeclaredIn>ETEventMessage.h</DeclaredIn>
			
			<Declaration>@property (nonatomic, readonly, copy, nullable) NSArray *keyValuePairs</Declaration>
			
			
			<Anchor>//api/name/keyValuePairs</Anchor>
            <NodeRef refid="4"/>
		</Token>
		
		<Token>
			<TokenIdentifier>//apple_ref/occ/instm/ETEventMessage/setStartDate:</TokenIdentifier>
			<Abstract type="html">The message&apos;s start date. Messages shouldn&apos;t show before this time.</Abstract>
			<DeclaredIn>ETEventMessage.h</DeclaredIn>
			
			<Declaration>@property (nonatomic, readonly, copy, nullable) NSDate *startDate</Declaration>
			
			
			<Anchor>//api/name/startDate</Anchor>
            <NodeRef refid="4"/>
		</Token>
		
		<Token>
			<TokenIdentifier>//apple_ref/occ/instm/ETEventMessage/startDate</TokenIdentifier>
			<Abstract type="html">The message&apos;s start date. Messages shouldn&apos;t show before this time.</Abstract>
			<DeclaredIn>ETEventMessage.h</DeclaredIn>
			
			<Declaration>@property (nonatomic, readonly, copy, nullable) NSDate *startDate</Declaration>
			
			
			<Anchor>//api/name/startDate</Anchor>
            <NodeRef refid="4"/>
		</Token>
		
		<Token>
			<TokenIdentifier>//apple_ref/occ/instp/ETEventMessage/startDate</TokenIdentifier>
			<Abstract type="html">The message&apos;s start date. Messages shouldn&apos;t show before this time.</Abstract>
			<DeclaredIn>ETEventMessage.h</DeclaredIn>
			
			<Declaration>@property (nonatomic, readonly, copy, nullable) NSDate *startDate</Declaration>
			
			
			<Anchor>//api/name/startDate</Anchor>
            <NodeRef refid="4"/>
		</Token>
		
		<Token>
			<TokenIdentifier>//apple_ref/occ/instm/ETEventMessage/setEndDate:</TokenIdentifier>
			<Abstract type="html">The message&apos;s end date. Messages shouldn&apos;t show after this time.</Abstract>
			<DeclaredIn>ETEventMessage.h</DeclaredIn>
			
			<Declaration>@property (nonatomic, readonly, copy, nullable) NSDate *endDate</Declaration>
			
			
			<Anchor>//api/name/endDate</Anchor>
            <NodeRef refid="4"/>
		</Token>
		
		<Token>
			<TokenIdentifier>//apple_ref/occ/instm/ETEventMessage/endDate</TokenIdentifier>
			<Abstract type="html">The message&apos;s end date. Messages shouldn&apos;t show after this time.</Abstract>
			<DeclaredIn>ETEventMessage.h</DeclaredIn>
			
			<Declaration>@property (nonatomic, readonly, copy, nullable) NSDate *endDate</Declaration>
			
			
			<Anchor>//api/name/endDate</Anchor>
            <NodeRef refid="4"/>
		</Token>
		
		<Token>
			<TokenIdentifier>//apple_ref/occ/instp/ETEventMessage/endDate</TokenIdentifier>
			<Abstract type="html">The message&apos;s end date. Messages shouldn&apos;t show after this time.</Abstract>
			<DeclaredIn>ETEventMessage.h</DeclaredIn>
			
			<Declaration>@property (nonatomic, readonly, copy, nullable) NSDate *endDate</Declaration>
			
			
			<Anchor>//api/name/endDate</Anchor>
            <NodeRef refid="4"/>
		</Token>
		
		<Token>
			<TokenIdentifier>//apple_ref/occ/instm/ETEventMessage/setSiteUrlAsString:</TokenIdentifier>
			<Abstract type="html">The Site URL for the CloudPage attached to this message.</Abstract>
			<DeclaredIn>ETEventMessage.h</DeclaredIn>
			
			<Declaration>@property (nonatomic, readonly, copy, nullable) NSString *siteUrlAsString</Declaration>
			
			
			<Anchor>//api/name/siteUrlAsString</Anchor>
            <NodeRef refid="4"/>
		</Token>
		
		<Token>
			<TokenIdentifier>//apple_ref/occ/instm/ETEventMessage/siteUrlAsString</TokenIdentifier>
			<Abstract type="html">The Site URL for the CloudPage attached to this message.</Abstract>
			<DeclaredIn>ETEventMessage.h</DeclaredIn>
			
			<Declaration>@property (nonatomic, readonly, copy, nullable) NSString *siteUrlAsString</Declaration>
			
			
			<Anchor>//api/name/siteUrlAsString</Anchor>
            <NodeRef refid="4"/>
		</Token>
		
		<Token>
			<TokenIdentifier>//apple_ref/occ/instp/ETEventMessage/siteUrlAsString</TokenIdentifier>
			<Abstract type="html">The Site URL for the CloudPage attached to this message.</Abstract>
			<DeclaredIn>ETEventMessage.h</DeclaredIn>
			
			<Declaration>@property (nonatomic, readonly, copy, nullable) NSString *siteUrlAsString</Declaration>
			
			
			<Anchor>//api/name/siteUrlAsString</Anchor>
            <NodeRef refid="4"/>
		</Token>
		
		<Token>
			<TokenIdentifier>//apple_ref/occ/instm/ETEventMessage/setOpenDirectPayload:</TokenIdentifier>
			<Abstract type="html">OpenDirect payload for this message, if there is one.</Abstract>
			<DeclaredIn>ETEventMessage.h</DeclaredIn>
			
			<Declaration>@property (nonatomic, readonly, copy, nullable) NSString *openDirectPayload</Declaration>
			
			
			<Anchor>//api/name/openDirectPayload</Anchor>
            <NodeRef refid="4"/>
		</Token>
		
		<Token>
			<TokenIdentifier>//apple_ref/occ/instm/ETEventMessage/openDirectPayload</TokenIdentifier>
			<Abstract type="html">OpenDirect payload for this message, if there is one.</Abstract>
			<DeclaredIn>ETEventMessage.h</DeclaredIn>
			
			<Declaration>@property (nonatomic, readonly, copy, nullable) NSString *openDirectPayload</Declaration>
			
			
			<Anchor>//api/name/openDirectPayload</Anchor>
            <NodeRef refid="4"/>
		</Token>
		
		<Token>
			<TokenIdentifier>//apple_ref/occ/instp/ETEventMessage/openDirectPayload</TokenIdentifier>
			<Abstract type="html">OpenDirect payload for this message, if there is one.</Abstract>
			<DeclaredIn>ETEventMessage.h</DeclaredIn>
			
			<Declaration>@property (nonatomic, readonly, copy, nullable) NSString *openDirectPayload</Declaration>
			
			
			<Anchor>//api/name/openDirectPayload</Anchor>
            <NodeRef refid="4"/>
		</Token>
		
		<Token>
			<TokenIdentifier>//apple_ref/occ/instm/ETEventMessage/setMessageLimit:</TokenIdentifier>
			<Abstract type="html">The total number of times, ever, that a message will show on a device.</Abstract>
			<DeclaredIn>ETEventMessage.h</DeclaredIn>
			
			<Declaration>@property (nonatomic, readonly, copy, nullable) NSNumber *messageLimit</Declaration>
			
			
			<Anchor>//api/name/messageLimit</Anchor>
            <NodeRef refid="4"/>
		</Token>
		
		<Token>
			<TokenIdentifier>//apple_ref/occ/instm/ETEventMessage/messageLimit</TokenIdentifier>
			<Abstract type="html">The total number of times, ever, that a message will show on a device.</Abstract>
			<DeclaredIn>ETEventMessage.h</DeclaredIn>
			
			<Declaration>@property (nonatomic, readonly, copy, nullable) NSNumber *messageLimit</Declaration>
			
			
			<Anchor>//api/name/messageLimit</Anchor>
            <NodeRef refid="4"/>
		</Token>
		
		<Token>
			<TokenIdentifier>//apple_ref/occ/instp/ETEventMessage/messageLimit</TokenIdentifier>
			<Abstract type="html">The total number of times, ever, that a message will show on a device.</Abstract>
			<DeclaredIn>ETEventMessage.h</DeclaredIn>
			
			<Declaration>@property (nonatomic, readonly, copy, nullable) NSNumber *messageLimit</Declaration>
			
			
			<Anchor>//api/name/messageLimit</Anchor>
            <NodeRef refid="4"/>
		</Token>
		
		<Token>
			<TokenIdentifier>//apple_ref/occ/instm/ETEventMessage/setMessagesPerPeriod:</TokenIdentifier>
			<Abstract type="html">The total number of times for a given number of time units that a message can be shown. In the statement &quot;show 1 time per 2 hours&quot;, this is the &quot;1&quot; part.</Abstract>
			<DeclaredIn>ETEventMessage.h</DeclaredIn>
			
			<Declaration>@property (nonatomic, readonly, copy, nullable) NSNumber *messagesPerPeriod</Declaration>
			
			
			<Anchor>//api/name/messagesPerPeriod</Anchor>
            <NodeRef refid="4"/>
		</Token>
		
		<Token>
			<TokenIdentifier>//apple_ref/occ/instm/ETEventMessage/messagesPerPeriod</TokenIdentifier>
			<Abstract type="html">The total number of times for a given number of time units that a message can be shown. In the statement &quot;show 1 time per 2 hours&quot;, this is the &quot;1&quot; part.</Abstract>
			<DeclaredIn>ETEventMessage.h</DeclaredIn>
			
			<Declaration>@property (nonatomic, readonly, copy, nullable) NSNumber *messagesPerPeriod</Declaration>
			
			
			<Anchor>//api/name/messagesPerPeriod</Anchor>
            <NodeRef refid="4"/>
		</Token>
		
		<Token>
			<TokenIdentifier>//apple_ref/occ/instp/ETEventMessage/messagesPerPeriod</TokenIdentifier>
			<Abstract type="html">The total number of times for a given number of time units that a message can be shown. In the statement &quot;show 1 time per 2 hours&quot;, this is the &quot;1&quot; part.</Abstract>
			<DeclaredIn>ETEventMessage.h</DeclaredIn>
			
			<Declaration>@property (nonatomic, readonly, copy, nullable) NSNumber *messagesPerPeriod</Declaration>
			
			
			<Anchor>//api/name/messagesPerPeriod</Anchor>
            <NodeRef refid="4"/>
		</Token>
		
		<Token>
			<TokenIdentifier>//apple_ref/occ/instm/ETEventMessage/setNumberOfPeriods:</TokenIdentifier>
			<Abstract type="html">The number of time periods in which a message should be limited. In the statement &quot;show 1 time per 2 hours&quot;, this is the &quot;2&quot; part.</Abstract>
			<DeclaredIn>ETEventMessage.h</DeclaredIn>
			
			<Declaration>@property (nonatomic, readonly, copy, nullable) NSNumber *numberOfPeriods</Declaration>
			
			
			<Anchor>//api/name/numberOfPeriods</Anchor>
            <NodeRef refid="4"/>
		</Token>
		
		<Token>
			<TokenIdentifier>//apple_ref/occ/instm/ETEventMessage/numberOfPeriods</TokenIdentifier>
			<Abstract type="html">The number of time periods in which a message should be limited. In the statement &quot;show 1 time per 2 hours&quot;, this is the &quot;2&quot; part.</Abstract>
			<DeclaredIn>ETEventMessage.h</DeclaredIn>
			
			<Declaration>@property (nonatomic, readonly, copy, nullable) NSNumber *numberOfPeriods</Declaration>
			
			
			<Anchor>//api/name/numberOfPeriods</Anchor>
            <NodeRef refid="4"/>
		</Token>
		
		<Token>
			<TokenIdentifier>//apple_ref/occ/instp/ETEventMessage/numberOfPeriods</TokenIdentifier>
			<Abstract type="html">The number of time periods in which a message should be limited. In the statement &quot;show 1 time per 2 hours&quot;, this is the &quot;2&quot; part.</Abstract>
			<DeclaredIn>ETEventMessage.h</DeclaredIn>
			
			<Declaration>@property (nonatomic, readonly, copy, nullable) NSNumber *numberOfPeriods</Declaration>
			
			
			<Anchor>//api/name/numberOfPeriods</Anchor>
            <NodeRef refid="4"/>
		</Token>
		
		<Token>
			<TokenIdentifier>//apple_ref/occ/instm/ETEventMessage/setPeriodType:</TokenIdentifier>
			<Abstract type="html">The time unit counted in numberOfPeriods. In the statement &quot;show 1 time per 2 hours&quot;, this is the &quot;hours&quot; part.</Abstract>
			<DeclaredIn>ETEventMessage.h</DeclaredIn>
			
			<Declaration>@property (nonatomic, readonly) MobilePushMessageFrequencyUnit periodType</Declaration>
			
			
			<Anchor>//api/name/periodType</Anchor>
            <NodeRef refid="4"/>
		</Token>
		
		<Token>
			<TokenIdentifier>//apple_ref/occ/instm/ETEventMessage/periodType</TokenIdentifier>
			<Abstract type="html">The time unit counted in numberOfPeriods. In the statement &quot;show 1 time per 2 hours&quot;, this is the &quot;hours&quot; part.</Abstract>
			<DeclaredIn>ETEventMessage.h</DeclaredIn>
			
			<Declaration>@property (nonatomic, readonly) MobilePushMessageFrequencyUnit periodType</Declaration>
			
			
			<Anchor>//api/name/periodType</Anchor>
            <NodeRef refid="4"/>
		</Token>
		
		<Token>
			<TokenIdentifier>//apple_ref/occ/instp/ETEventMessage/periodType</TokenIdentifier>
			<Abstract type="html">The time unit counted in numberOfPeriods. In the statement &quot;show 1 time per 2 hours&quot;, this is the &quot;hours&quot; part.</Abstract>
			<DeclaredIn>ETEventMessage.h</DeclaredIn>
			
			<Declaration>@property (nonatomic, readonly) MobilePushMessageFrequencyUnit periodType</Declaration>
			
			
			<Anchor>//api/name/periodType</Anchor>
            <NodeRef refid="4"/>
		</Token>
		
		<Token>
			<TokenIdentifier>//apple_ref/occ/instm/ETEventMessage/setRollingPeriod:</TokenIdentifier>
			<Abstract type="html">Whether or not the period is a rolling period. Defaults to YES through code.</Abstract>
			<DeclaredIn>ETEventMessage.h</DeclaredIn>
			
			<Declaration>@property (nonatomic, readonly, getter=isRollingPeriod) BOOL rollingPeriod</Declaration>
			
			
			<Anchor>//api/name/rollingPeriod</Anchor>
            <NodeRef refid="4"/>
		</Token>
		
		<Token>
			<TokenIdentifier>//apple_ref/occ/instm/ETEventMessage/isRollingPeriod</TokenIdentifier>
			<Abstract type="html">Whether or not the period is a rolling period. Defaults to YES through code.</Abstract>
			<DeclaredIn>ETEventMessage.h</DeclaredIn>
			
			<Declaration>@property (nonatomic, readonly, getter=isRollingPeriod) BOOL rollingPeriod</Declaration>
			
			
			<Anchor>//api/name/rollingPeriod</Anchor>
            <NodeRef refid="4"/>
		</Token>
		
		<Token>
			<TokenIdentifier>//apple_ref/occ/instp/ETEventMessage/rollingPeriod</TokenIdentifier>
			<Abstract type="html">Whether or not the period is a rolling period. Defaults to YES through code.</Abstract>
			<DeclaredIn>ETEventMessage.h</DeclaredIn>
			
			<Declaration>@property (nonatomic, readonly, getter=isRollingPeriod) BOOL rollingPeriod</Declaration>
			
			
			<Anchor>//api/name/rollingPeriod</Anchor>
            <NodeRef refid="4"/>
		</Token>
		
		<Token>
			<TokenIdentifier>//apple_ref/occ/instm/ETEventMessage/setSubject:</TokenIdentifier>
			<Abstract type="html">Use this for display in an inbox.</Abstract>
			<DeclaredIn>ETEventMessage.h</DeclaredIn>
			
			<Declaration>@property (nonatomic, readonly, copy, nullable) NSString *subject</Declaration>
			
			
			<Anchor>//api/name/subject</Anchor>
            <NodeRef refid="4"/>
		</Token>
		
		<Token>
			<TokenIdentifier>//apple_ref/occ/instm/ETEventMessage/subject</TokenIdentifier>
			<Abstract type="html">Use this for display in an inbox.</Abstract>
			<DeclaredIn>ETEventMessage.h</DeclaredIn>
			
			<Declaration>@property (nonatomic, readonly, copy, nullable) NSString *subject</Declaration>
			
			
			<Anchor>//api/name/subject</Anchor>
            <NodeRef refid="4"/>
		</Token>
		
		<Token>
			<TokenIdentifier>//apple_ref/occ/instp/ETEventMessage/subject</TokenIdentifier>
			<Abstract type="html">Use this for display in an inbox.</Abstract>
			<DeclaredIn>ETEventMessage.h</DeclaredIn>
			
			<Declaration>@property (nonatomic, readonly, copy, nullable) NSString *subject</Declaration>
			
			
			<Anchor>//api/name/subject</Anchor>
            <NodeRef refid="4"/>
		</Token>
		
		<Token>
			<TokenIdentifier>//apple_ref/occ/instm/ETEventMessage/setSiteURL:</TokenIdentifier>
			<Abstract type="html">A Cleansed Site URL as a proper NSURL. This is mostly for convenience.</Abstract>
			<DeclaredIn>ETEventMessage.h</DeclaredIn>
			
			<Declaration>@property (nonatomic, readonly, copy, nullable) NSURL *siteURL</Declaration>
			
			
			<Anchor>//api/name/siteURL</Anchor>
            <NodeRef refid="4"/>
		</Token>
		
		<Token>
			<TokenIdentifier>//apple_ref/occ/instm/ETEventMessage/siteURL</TokenIdentifier>
			<Abstract type="html">A Cleansed Site URL as a proper NSURL. This is mostly for convenience.</Abstract>
			<DeclaredIn>ETEventMessage.h</DeclaredIn>
			
			<Declaration>@property (nonatomic, readonly, copy, nullable) NSURL *siteURL</Declaration>
			
			
			<Anchor>//api/name/siteURL</Anchor>
            <NodeRef refid="4"/>
		</Token>
		
		<Token>
			<TokenIdentifier>//apple_ref/occ/instp/ETEventMessage/siteURL</TokenIdentifier>
			<Abstract type="html">A Cleansed Site URL as a proper NSURL. This is mostly for convenience.</Abstract>
			<DeclaredIn>ETEventMessage.h</DeclaredIn>
			
			<Declaration>@property (nonatomic, readonly, copy, nullable) NSURL *siteURL</Declaration>
			
			
			<Anchor>//api/name/siteURL</Anchor>
            <NodeRef refid="4"/>
		</Token>
		
        
        
	</File>
</Tokens>