<?xml version="1.0" encoding="UTF-8"?>
<Tokens version="1.0">
	<File path="Classes/ETAnalytics.html">
		
		<Token>
			<TokenIdentifier>//apple_ref/occ/cl/ETAnalytics</TokenIdentifier>
			<Abstract type="html">@class ETAnalytics</Abstract>
			<DeclaredIn>ETAnalytics.h</DeclaredIn>
            
			
			<NodeRef refid="1"/>
		</Token>
		
		
		<Token>
			<TokenIdentifier>//apple_ref/occ/clm/ETAnalytics/trackPageView:andTitle:andItem:andSearch:</TokenIdentifier>
			<Abstract type="html">Set Web Analytics Mobile Analytics, Track page views within your application.</Abstract>
			<DeclaredIn>ETAnalytics.h</DeclaredIn>
			
			<Declaration>+ (void)trackPageView:(NSString *)url andTitle:(nullable NSString *)title andItem:(nullable NSString *)item andSearch:(nullable NSString *)search</Declaration>
			<Parameters>
				<Parameter>
					<Name>url</Name>
					<Abstract type="html">a non-nil NSString to identify the location within your app traversed by your customers.  For example: com.yourpackage.viewcontrollername</Abstract>
				</Parameter><Parameter>
					<Name>title</Name>
					<Abstract type="html">a NSString (nil if n/a) to identify the title of the location within your app traversed by your customers. For example: Screen Name</Abstract>
				</Parameter><Parameter>
					<Name>item</Name>
					<Abstract type="html">a NSString (nil if n/a) to identify an item viewed by your customer.  For example: UPC-1234</Abstract>
				</Parameter><Parameter>
					<Name>search</Name>
					<Abstract type="html">a NSString (nil if n/a) to identify search terms used by your customer.  For example: blue jeans.

  </Abstract>
				</Parameter>
			</Parameters>
			
			<Anchor>//api/name/trackPageView:andTitle:andItem:andSearch:</Anchor>
            <NodeRef refid="1"/>
		</Token>
		
		<Token>
			<TokenIdentifier>//apple_ref/occ/clm/ETAnalytics/trackCartContents:</TokenIdentifier>
			<Abstract type="html">Set Web Analytics Mobile Analytics, Track cart contents within your application.</Abstract>
			<DeclaredIn>ETAnalytics.h</DeclaredIn>
			
			<Declaration>+ (void)trackCartContents:(PICart *_Nonnull)cart</Declaration>
			<Parameters>
				<Parameter>
					<Name>cart</Name>
					<Abstract type="html">a non-nil PICart object containing a cartID and an array of PICartItems
  </Abstract>
				</Parameter>
			</Parameters>
			
			<Anchor>//api/name/trackCartContents:</Anchor>
            <NodeRef refid="1"/>
		</Token>
		
		<Token>
			<TokenIdentifier>//apple_ref/occ/clm/ETAnalytics/trackCartConversion:</TokenIdentifier>
			<Abstract type="html">Set Web Analytics Mobile Analytics, Track cart conversion within your application.</Abstract>
			<DeclaredIn>ETAnalytics.h</DeclaredIn>
			
			<Declaration>+ (void)trackCartConversion:(PIOrder *_Nonnull)order</Declaration>
			<Parameters>
				<Parameter>
					<Name>order</Name>
					<Abstract type="html">a non-nil PIOrder object representing an order; created from a cart and cart items and &quot;converted&quot; into a sale of some sort
  </Abstract>
				</Parameter>
			</Parameters>
			
			<Anchor>//api/name/trackCartConversion:</Anchor>
            <NodeRef refid="1"/>
		</Token>
		
        
        
	</File>
</Tokens>