<?xml version="1.0" encoding="UTF-8"?>
<Tokens version="1.0">
	<File path="Constants/configureSDKWithAppIDError.html">
		
		<Token>
			<TokenIdentifier>//apple_ref/c/tdef/configureSDKWithAppIDError</TokenIdentifier>
			<Abstract type="html">configureSDKWithAppID errors</Abstract>
			<DeclaredIn>PushConstants.h</DeclaredIn>
            
			
			<NodeRef refid="28"/>
		</Token>
		
		
        
        <Token>
            <TokenIdentifier>//apple_ref/c/econst/configureSDKWithAppIDNoError</TokenIdentifier>
            <Abstract type="html">configureSDKWithAppIDNoError</Abstract>
            <Declaration>configureSDKWithAppIDNoError</Declaration>
            
            <DeclaredIn>PushConstants.h</DeclaredIn>
            
            <NodeRef refid="28"/>
        </Token>
        
        <Token>
            <TokenIdentifier>//apple_ref/c/econst/configureSDKWithAppIDInvalidAppIDError</TokenIdentifier>
            <Abstract type="html">configureSDKWithAppIDInvalidAppIDError</Abstract>
            <Declaration>configureSDKWithAppIDInvalidAppIDError</Declaration>
            
            <DeclaredIn>PushConstants.h</DeclaredIn>
            
            <NodeRef refid="28"/>
        </Token>
        
        <Token>
            <TokenIdentifier>//apple_ref/c/econst/configureSDKWithAppIDInvalidAccessTokenError</TokenIdentifier>
            <Abstract type="html">configureSDKWithAppIDInvalidAccessTokenError</Abstract>
            <Declaration>configureSDKWithAppIDInvalidAccessTokenError</Declaration>
            
            <DeclaredIn>PushConstants.h</DeclaredIn>
            
            <NodeRef refid="28"/>
        </Token>
        
        <Token>
            <TokenIdentifier>//apple_ref/c/econst/configureSDKWithAppIDUnableToReadRandomError</TokenIdentifier>
            <Abstract type="html">configureSDKWithAppIDUnableToReadRandomError</Abstract>
            <Declaration>configureSDKWithAppIDUnableToReadRandomError</Declaration>
            
            <DeclaredIn>PushConstants.h</DeclaredIn>
            
            <NodeRef refid="28"/>
        </Token>
        
        <Token>
            <TokenIdentifier>//apple_ref/c/econst/configureSDKWithAppIDDatabaseAccessError</TokenIdentifier>
            <Abstract type="html">configureSDKWithAppIDDatabaseAccessError</Abstract>
            <Declaration>configureSDKWithAppIDDatabaseAccessError</Declaration>
            
            <DeclaredIn>PushConstants.h</DeclaredIn>
            
            <NodeRef refid="28"/>
        </Token>
        
        <Token>
            <TokenIdentifier>//apple_ref/c/econst/configureSDKWithAppIDUnableToKeyDatabaseError</TokenIdentifier>
            <Abstract type="html">configureSDKWithAppIDUnableToKeyDatabaseError</Abstract>
            <Declaration>configureSDKWithAppIDUnableToKeyDatabaseError</Declaration>
            
            <DeclaredIn>PushConstants.h</DeclaredIn>
            
            <NodeRef refid="28"/>
        </Token>
        
        <Token>
            <TokenIdentifier>//apple_ref/c/econst/configureSDKWithAppIDCCKeyDerivationPBKDFError</TokenIdentifier>
            <Abstract type="html">configureSDKWithAppIDCCKeyDerivationPBKDFError</Abstract>
            <Declaration>configureSDKWithAppIDCCKeyDerivationPBKDFError</Declaration>
            
            <DeclaredIn>PushConstants.h</DeclaredIn>
            
            <NodeRef refid="28"/>
        </Token>
        
        <Token>
            <TokenIdentifier>//apple_ref/c/econst/configureSDKWithAppIDCCSymmetricKeyWrapError</TokenIdentifier>
            <Abstract type="html">configureSDKWithAppIDCCSymmetricKeyWrapError</Abstract>
            <Declaration>configureSDKWithAppIDCCSymmetricKeyWrapError</Declaration>
            
            <DeclaredIn>PushConstants.h</DeclaredIn>
            
            <NodeRef refid="28"/>
        </Token>
        
        <Token>
            <TokenIdentifier>//apple_ref/c/econst/configureSDKWithAppIDCCSymmetricKeyUnwrapError</TokenIdentifier>
            <Abstract type="html">configureSDKWithAppIDCCSymmetricKeyUnwrapError</Abstract>
            <Declaration>configureSDKWithAppIDCCSymmetricKeyUnwrapError</Declaration>
            
            <DeclaredIn>PushConstants.h</DeclaredIn>
            
            <NodeRef refid="28"/>
        </Token>
        
        <Token>
            <TokenIdentifier>//apple_ref/c/econst/configureSDKWithAppIDKeyChainError</TokenIdentifier>
            <Abstract type="html">configureSDKWithAppIDKeyChainError</Abstract>
            <Declaration>configureSDKWithAppIDKeyChainError</Declaration>
            
            <DeclaredIn>PushConstants.h</DeclaredIn>
            
            <NodeRef refid="28"/>
        </Token>
        
        <Token>
            <TokenIdentifier>//apple_ref/c/econst/configureSDKWithAppIDUnableToReadCertificateError</TokenIdentifier>
            <Abstract type="html">configureSDKWithAppIDUnableToReadCertificateError</Abstract>
            <Declaration>configureSDKWithAppIDUnableToReadCertificateError</Declaration>
            
            <DeclaredIn>PushConstants.h</DeclaredIn>
            
            <NodeRef refid="28"/>
        </Token>
        
        <Token>
            <TokenIdentifier>//apple_ref/c/econst/configureSDKWithAppIDRunOnceSimultaneouslyError</TokenIdentifier>
            <Abstract type="html">configureSDKWithAppIDRunOnceSimultaneouslyError</Abstract>
            <Declaration>configureSDKWithAppIDRunOnceSimultaneouslyError</Declaration>
            
            <DeclaredIn>PushConstants.h</DeclaredIn>
            
            <NodeRef refid="28"/>
        </Token>
        
        <Token>
            <TokenIdentifier>//apple_ref/c/econst/configureSDKWithAppIDRunOnceError</TokenIdentifier>
            <Abstract type="html">configureSDKWithAppIDRunOnceError</Abstract>
            <Declaration>configureSDKWithAppIDRunOnceError</Declaration>
            
            <DeclaredIn>PushConstants.h</DeclaredIn>
            
            <NodeRef refid="28"/>
        </Token>
        
        <Token>
            <TokenIdentifier>//apple_ref/c/econst/configureSDKWithAppIDInvalidLocationAndProximityError</TokenIdentifier>
            <Abstract type="html">configureSDKWithAppIDInvalidLocationAndProximityError</Abstract>
            <Declaration>configureSDKWithAppIDInvalidLocationAndProximityError</Declaration>
            
            <DeclaredIn>PushConstants.h</DeclaredIn>
            
            <NodeRef refid="28"/>
        </Token>
        
        <Token>
            <TokenIdentifier>//apple_ref/c/econst/configureSDKWithAppIDSimulatorBlobError</TokenIdentifier>
            <Abstract type="html">configureSDKWithAppIDSimulatorBlobError</Abstract>
            <Declaration>configureSDKWithAppIDSimulatorBlobError</Declaration>
            
            <DeclaredIn>PushConstants.h</DeclaredIn>
            
            <NodeRef refid="28"/>
        </Token>
        
        <Token>
            <TokenIdentifier>//apple_ref/c/econst/configureSDKWithAppIDKeyChainInvalidError</TokenIdentifier>
            <Abstract type="html">configureSDKWithAppIDKeyChainInvalidError</Abstract>
            <Declaration>configureSDKWithAppIDKeyChainInvalidError</Declaration>
            
            <DeclaredIn>PushConstants.h</DeclaredIn>
            
            <NodeRef refid="28"/>
        </Token>
        
        
	</File>
</Tokens>