<?xml version="1.0" encoding="UTF-8"?>
<Tokens version="1.0">
	<File path="Classes/PIOrder.html">
		
		<Token>
			<TokenIdentifier>//apple_ref/occ/cl/PIOrder</TokenIdentifier>
			<Abstract type="html">@class PIOrder</Abstract>
			<DeclaredIn>PIOrder.h</DeclaredIn>
            
			
			<NodeRef refid="16"/>
		</Token>
		
		
		<Token>
			<TokenIdentifier>//apple_ref/occ/instm/PIOrder/initWithOrderNumber:shipping:discount:cart:</TokenIdentifier>
			<Abstract type="html">Initialize an Order object for use in analytics.</Abstract>
			<DeclaredIn>PIOrder.h</DeclaredIn>
			
			<Declaration>- (instancetype)initWithOrderNumber:(NSString *)orderNumber shipping:(NSNumber *)shipping discount:(NSNumber *)discount cart:(PICart *)cart</Declaration>
			<Parameters>
				<Parameter>
					<Name>orderNumber</Name>
					<Abstract type="html">The order number of from the e-commerce system (non-nil string)</Abstract>
				</Parameter><Parameter>
					<Name>shipping</Name>
					<Abstract type="html">The shipping amount (USD) of this order (non-nil value; 0 permissable)</Abstract>
				</Parameter><Parameter>
					<Name>discount</Name>
					<Abstract type="html">The discount amount (USD) of this order (non-nil value; 0 permissable)</Abstract>
				</Parameter><Parameter>
					<Name>cart</Name>
					<Abstract type="html">The order&apos;s shopping cart object (non-nil object)</Abstract>
				</Parameter>
			</Parameters>
			<ReturnValue><Abstract type="html">instancetype
  </Abstract></ReturnValue>
			<Anchor>//api/name/initWithOrderNumber:shipping:discount:cart:</Anchor>
            <NodeRef refid="16"/>
		</Token>
		
		<Token>
			<TokenIdentifier>//apple_ref/occ/instm/PIOrder/dictionaryRepresentation</TokenIdentifier>
			<Abstract type="html">Convert PIOrder to dictionary.</Abstract>
			<DeclaredIn>PIOrder.h</DeclaredIn>
			
			<Declaration>- (NSDictionary *)dictionaryRepresentation</Declaration>
			
			<ReturnValue><Abstract type="html">NSDictionary
  </Abstract></ReturnValue>
			<Anchor>//api/name/dictionaryRepresentation</Anchor>
            <NodeRef refid="16"/>
		</Token>
		
        
        
	</File>
</Tokens>