<?xml version="1.0" encoding="UTF-8"?>
<DocSetNodes version="1.0">
    <TOC>
        <Node type="folder">
            <Name>Journey Builder for Apps SDK</Name>
            <Path>index.html</Path>
			<Subnodes>
                
				
				<Node type="folder">
					<Name>Classes</Name>
					<Path>index.html</Path>
					<Subnodes>
						<NodeRef refid="1"/>
						<NodeRef refid="2"/>
						<NodeRef refid="3"/>
						<NodeRef refid="4"/>
						<NodeRef refid="5"/>
						<NodeRef refid="6"/>
						<NodeRef refid="7"/>
						<NodeRef refid="8"/>
						<NodeRef refid="9"/>
						
					</Subnodes>
				</Node>
				
				
                
				<Node>
					<Name>Protocols</Name>
					<Path>index.html</Path>
					<Subnodes>
						<NodeRef refid="10"/>
						<NodeRef refid="11"/>
						
					</Subnodes>
				</Node>
				
                
				<Node>
					<Name>Constants</Name>
					<Path>index.html</Path>
					<Subnodes>
						<NodeRef refid="12"/>
						<NodeRef refid="13"/>
						<NodeRef refid="14"/>
						<NodeRef refid="15"/>
						<NodeRef refid="16"/>
						<NodeRef refid="17"/>
						<NodeRef refid="18"/>
						<NodeRef refid="19"/>
						<NodeRef refid="20"/>
						<NodeRef refid="21"/>
						<NodeRef refid="22"/>
						
					</Subnodes>
				</Node>
				
                
			</Subnodes>
        </Node>
    </TOC>
	<Library>
		
		<Node id="1" type="file" documentType="reference">
            <Name>ETAnalytics</Name>
            <Path>Classes/ETAnalytics.html</Path>
            
                <Subnodes>
                <Node type="section">
                    <Path>Classes/ETAnalytics.html</Path>
                    <Name>Overview</Name>
                    <Anchor>overview</Anchor>
                </Node>
                <Node type="section">
                    <Path>Classes/ETAnalytics.html</Path>
                    <Name>Tasks</Name>
                    <Anchor>tasks</Anchor>
                </Node>
                
                
                <Node type="section">
                    <Path>Classes/ETAnalytics.html</Path>
                    <Name>Class Methods</Name>
                    <Anchor>class_methods</Anchor>
                </Node>
                
                
            </Subnodes>
            
        </Node>
		<Node id="2" type="file" documentType="reference">
            <Name>ETGenericUpdate</Name>
            <Path>Classes/ETGenericUpdate.html</Path>
            
                <Subnodes>
                <Node type="section">
                    <Path>Classes/ETGenericUpdate.html</Path>
                    <Name>Overview</Name>
                    <Anchor>overview</Anchor>
                </Node>
                <Node type="section">
                    <Path>Classes/ETGenericUpdate.html</Path>
                    <Name>Tasks</Name>
                    <Anchor>tasks</Anchor>
                </Node>
                
                
                <Node type="section">
                    <Path>Classes/ETGenericUpdate.html</Path>
                    <Name>Class Methods</Name>
                    <Anchor>class_methods</Anchor>
                </Node>
                
                
                <Node type="section">
                    <Path>Classes/ETGenericUpdate.html</Path>
                    <Name>Instance Methods</Name>
                    <Anchor>instance_methods</Anchor>
                </Node>
                
            </Subnodes>
            
        </Node>
		<Node id="3" type="file" documentType="reference">
            <Name>ETLandingPagePresenter</Name>
            <Path>Classes/ETLandingPagePresenter.html</Path>
            
                <Subnodes>
                <Node type="section">
                    <Path>Classes/ETLandingPagePresenter.html</Path>
                    <Name>Overview</Name>
                    <Anchor>overview</Anchor>
                </Node>
                <Node type="section">
                    <Path>Classes/ETLandingPagePresenter.html</Path>
                    <Name>Tasks</Name>
                    <Anchor>tasks</Anchor>
                </Node>
                
                <Node type="section">
                    <Path>Classes/ETLandingPagePresenter.html</Path>
                    <Name>Properties</Name>
                    <Anchor>properties</Anchor>
                </Node>
                
                
                
                <Node type="section">
                    <Path>Classes/ETLandingPagePresenter.html</Path>
                    <Name>Instance Methods</Name>
                    <Anchor>instance_methods</Anchor>
                </Node>
                
            </Subnodes>
            
        </Node>
		<Node id="4" type="file" documentType="reference">
            <Name>ETLocationManager</Name>
            <Path>Classes/ETLocationManager.html</Path>
            
                <Subnodes>
                <Node type="section">
                    <Path>Classes/ETLocationManager.html</Path>
                    <Name>Overview</Name>
                    <Anchor>overview</Anchor>
                </Node>
                <Node type="section">
                    <Path>Classes/ETLocationManager.html</Path>
                    <Name>Tasks</Name>
                    <Anchor>tasks</Anchor>
                </Node>
                
                <Node type="section">
                    <Path>Classes/ETLocationManager.html</Path>
                    <Name>Properties</Name>
                    <Anchor>properties</Anchor>
                </Node>
                
                
                <Node type="section">
                    <Path>Classes/ETLocationManager.html</Path>
                    <Name>Class Methods</Name>
                    <Anchor>class_methods</Anchor>
                </Node>
                
                
                <Node type="section">
                    <Path>Classes/ETLocationManager.html</Path>
                    <Name>Instance Methods</Name>
                    <Anchor>instance_methods</Anchor>
                </Node>
                
            </Subnodes>
            
        </Node>
		<Node id="5" type="file" documentType="reference">
            <Name>ETMessage</Name>
            <Path>Classes/ETMessage.html</Path>
            
                <Subnodes>
                <Node type="section">
                    <Path>Classes/ETMessage.html</Path>
                    <Name>Overview</Name>
                    <Anchor>overview</Anchor>
                </Node>
                <Node type="section">
                    <Path>Classes/ETMessage.html</Path>
                    <Name>Tasks</Name>
                    <Anchor>tasks</Anchor>
                </Node>
                
                <Node type="section">
                    <Path>Classes/ETMessage.html</Path>
                    <Name>Properties</Name>
                    <Anchor>properties</Anchor>
                </Node>
                
                
                <Node type="section">
                    <Path>Classes/ETMessage.html</Path>
                    <Name>Class Methods</Name>
                    <Anchor>class_methods</Anchor>
                </Node>
                
                
                <Node type="section">
                    <Path>Classes/ETMessage.html</Path>
                    <Name>Instance Methods</Name>
                    <Anchor>instance_methods</Anchor>
                </Node>
                
            </Subnodes>
            
        </Node>
		<Node id="6" type="file" documentType="reference">
            <Name>ETPush</Name>
            <Path>Classes/ETPush.html</Path>
            
                <Subnodes>
                <Node type="section">
                    <Path>Classes/ETPush.html</Path>
                    <Name>Overview</Name>
                    <Anchor>overview</Anchor>
                </Node>
                <Node type="section">
                    <Path>Classes/ETPush.html</Path>
                    <Name>Tasks</Name>
                    <Anchor>tasks</Anchor>
                </Node>
                
                
                <Node type="section">
                    <Path>Classes/ETPush.html</Path>
                    <Name>Class Methods</Name>
                    <Anchor>class_methods</Anchor>
                </Node>
                
                
                <Node type="section">
                    <Path>Classes/ETPush.html</Path>
                    <Name>Instance Methods</Name>
                    <Anchor>instance_methods</Anchor>
                </Node>
                
            </Subnodes>
            
        </Node>
		<Node id="7" type="file" documentType="reference">
            <Name>ETRegion</Name>
            <Path>Classes/ETRegion.html</Path>
            
                <Subnodes>
                <Node type="section">
                    <Path>Classes/ETRegion.html</Path>
                    <Name>Overview</Name>
                    <Anchor>overview</Anchor>
                </Node>
                <Node type="section">
                    <Path>Classes/ETRegion.html</Path>
                    <Name>Tasks</Name>
                    <Anchor>tasks</Anchor>
                </Node>
                
                <Node type="section">
                    <Path>Classes/ETRegion.html</Path>
                    <Name>Properties</Name>
                    <Anchor>properties</Anchor>
                </Node>
                
                
                <Node type="section">
                    <Path>Classes/ETRegion.html</Path>
                    <Name>Class Methods</Name>
                    <Anchor>class_methods</Anchor>
                </Node>
                
                
                <Node type="section">
                    <Path>Classes/ETRegion.html</Path>
                    <Name>Instance Methods</Name>
                    <Anchor>instance_methods</Anchor>
                </Node>
                
            </Subnodes>
            
        </Node>
		<Node id="8" type="file" documentType="reference">
            <Name>ETWKLandingPagePresenter</Name>
            <Path>Classes/ETWKLandingPagePresenter.html</Path>
            
                <Subnodes>
                <Node type="section">
                    <Path>Classes/ETWKLandingPagePresenter.html</Path>
                    <Name>Overview</Name>
                    <Anchor>overview</Anchor>
                </Node>
                <Node type="section">
                    <Path>Classes/ETWKLandingPagePresenter.html</Path>
                    <Name>Tasks</Name>
                    <Anchor>tasks</Anchor>
                </Node>
                
                <Node type="section">
                    <Path>Classes/ETWKLandingPagePresenter.html</Path>
                    <Name>Properties</Name>
                    <Anchor>properties</Anchor>
                </Node>
                
                
                
                <Node type="section">
                    <Path>Classes/ETWKLandingPagePresenter.html</Path>
                    <Name>Instance Methods</Name>
                    <Anchor>instance_methods</Anchor>
                </Node>
                
            </Subnodes>
            
        </Node>
		<Node id="9" type="file" documentType="reference">
            <Name>ExactTargetEnhancedPushDataSource</Name>
            <Path>Classes/ExactTargetEnhancedPushDataSource.html</Path>
            
                <Subnodes>
                <Node type="section">
                    <Path>Classes/ExactTargetEnhancedPushDataSource.html</Path>
                    <Name>Overview</Name>
                    <Anchor>overview</Anchor>
                </Node>
                <Node type="section">
                    <Path>Classes/ExactTargetEnhancedPushDataSource.html</Path>
                    <Name>Tasks</Name>
                    <Anchor>tasks</Anchor>
                </Node>
                
                <Node type="section">
                    <Path>Classes/ExactTargetEnhancedPushDataSource.html</Path>
                    <Name>Properties</Name>
                    <Anchor>properties</Anchor>
                </Node>
                
                
                
            </Subnodes>
            
        </Node>
		
		
        <Node id="10" type="file" documentType="reference">
            <Name>ETGenericUpdateObjectProtocol</Name>
            <Path>Protocols/ETGenericUpdateObjectProtocol.html</Path>
            
        </Node>
		<Node id="11" type="file" documentType="reference">
            <Name>ExactTargetOpenDirectDelegate</Name>
            <Path>Protocols/ExactTargetOpenDirectDelegate.html</Path>
            
                <Subnodes>
                <Node type="section">
                    <Path>Protocols/ExactTargetOpenDirectDelegate.html</Path>
                    <Name>Overview</Name>
                    <Anchor>overview</Anchor>
                </Node>
                <Node type="section">
                    <Path>Protocols/ExactTargetOpenDirectDelegate.html</Path>
                    <Name>Tasks</Name>
                    <Anchor>tasks</Anchor>
                </Node>
                
                
                
                <Node type="section">
                    <Path>Protocols/ExactTargetOpenDirectDelegate.html</Path>
                    <Name>Instance Methods</Name>
                    <Anchor>instance_methods</Anchor>
                </Node>
                
            </Subnodes>
            
        </Node>
		
        <Node id="12" type="file" documentType="reference">
            <Name>ETRegionRequestType</Name>
            <Path>Constants/ETRegionRequestType.html</Path>
            
        </Node>
		<Node id="13" type="file" documentType="reference">
            <Name>GenericUpdateSendMethod</Name>
            <Path>Constants/GenericUpdateSendMethod.html</Path>
            
        </Node>
		<Node id="14" type="file" documentType="reference">
            <Name>LocationUpdateAppState</Name>
            <Path>Constants/LocationUpdateAppState.html</Path>
            
        </Node>
		<Node id="15" type="file" documentType="reference">
            <Name>MPMessageSource</Name>
            <Path>Constants/MPMessageSource.html</Path>
            
        </Node>
		<Node id="16" type="file" documentType="reference">
            <Name>MobilePushContentType</Name>
            <Path>Constants/MobilePushContentType.html</Path>
            
        </Node>
		<Node id="17" type="file" documentType="reference">
            <Name>MobilePushGeofenceType</Name>
            <Path>Constants/MobilePushGeofenceType.html</Path>
            
        </Node>
		<Node id="18" type="file" documentType="reference">
            <Name>MobilePushMessageFrequencyUnit</Name>
            <Path>Constants/MobilePushMessageFrequencyUnit.html</Path>
            
        </Node>
		<Node id="19" type="file" documentType="reference">
            <Name>MobilePushMessageType</Name>
            <Path>Constants/MobilePushMessageType.html</Path>
            
        </Node>
		<Node id="20" type="file" documentType="reference">
            <Name>configureSDKWithAppIDError</Name>
            <Path>Constants/configureSDKWithAppIDError.html</Path>
            
        </Node>
		<Node id="21" type="file" documentType="reference">
            <Name>pushOriginationState</Name>
            <Path>Constants/pushOriginationState.html</Path>
            
        </Node>
		<Node id="22" type="file" documentType="reference">
            <Name>requestPIRecommendationsError</Name>
            <Path>Constants/requestPIRecommendationsError.html</Path>
            
        </Node>
		
        
	</Library>
</DocSetNodes>