<?xml version="1.0" encoding="UTF-8"?>
<Tokens version="1.0">
	<File path="Constants/MobilePushGeofenceType.html">
		
		<Token>
			<TokenIdentifier>//apple_ref/c/tdef/MobilePushGeofenceType</TokenIdentifier>
			<Abstract type="html">Enumeration of the type of ETRegion that this is - Circle (Geofence) or Proximity (ibeacon). Polygon is not currently used.</Abstract>
			<DeclaredIn>PushConstants.h</DeclaredIn>
            
			
			<NodeRef refid="21"/>
		</Token>
		
		
        
        <Token>
            <TokenIdentifier>//apple_ref/c/econst/MobilePushGeofenceTypeNone</TokenIdentifier>
            <Abstract type="html">MobilePushGeofenceTypeNone</Abstract>
            <Declaration>MobilePushGeofenceTypeNone</Declaration>
            
            <DeclaredIn>PushConstants.h</DeclaredIn>
            
            <NodeRef refid="21"/>
        </Token>
        
        <Token>
            <TokenIdentifier>//apple_ref/c/econst/MobilePushGeofenceTypeCircle</TokenIdentifier>
            <Abstract type="html">MobilePushGeofenceTypeCircle</Abstract>
            <Declaration>MobilePushGeofenceTypeCircle</Declaration>
            
            <DeclaredIn>PushConstants.h</DeclaredIn>
            
            <NodeRef refid="21"/>
        </Token>
        
        <Token>
            <TokenIdentifier>//apple_ref/c/econst/MobilePushGeofenceTypePolygon</TokenIdentifier>
            <Abstract type="html">MobilePushGeofenceTypePolygon</Abstract>
            <Declaration>MobilePushGeofenceTypePolygon</Declaration>
            
            <DeclaredIn>PushConstants.h</DeclaredIn>
            
            <NodeRef refid="21"/>
        </Token>
        
        <Token>
            <TokenIdentifier>//apple_ref/c/econst/__attribute__</TokenIdentifier>
            <Abstract type="html"></Abstract>
            <Declaration>__attribute__</Declaration>
            
            <DeclaredIn>PushConstants.h</DeclaredIn>
            
            <NodeRef refid="21"/>
        </Token>
        
        <Token>
            <TokenIdentifier>//apple_ref/c/econst/(</TokenIdentifier>
            <Abstract type="html"></Abstract>
            <Declaration>(</Declaration>
            
            <DeclaredIn>PushConstants.h</DeclaredIn>
            
            <NodeRef refid="21"/>
        </Token>
        
        <Token>
            <TokenIdentifier>//apple_ref/c/econst/(</TokenIdentifier>
            <Abstract type="html"></Abstract>
            <Declaration>(</Declaration>
            
            <DeclaredIn>PushConstants.h</DeclaredIn>
            
            <NodeRef refid="21"/>
        </Token>
        
        <Token>
            <TokenIdentifier>//apple_ref/c/econst/deprecated</TokenIdentifier>
            <Abstract type="html"></Abstract>
            <Declaration>deprecated</Declaration>
            
            <DeclaredIn>PushConstants.h</DeclaredIn>
            
            <NodeRef refid="21"/>
        </Token>
        
        <Token>
            <TokenIdentifier>//apple_ref/c/econst/)</TokenIdentifier>
            <Abstract type="html"></Abstract>
            <Declaration>)</Declaration>
            
            <DeclaredIn>PushConstants.h</DeclaredIn>
            
            <NodeRef refid="21"/>
        </Token>
        
        <Token>
            <TokenIdentifier>//apple_ref/c/econst/)</TokenIdentifier>
            <Abstract type="html"></Abstract>
            <Declaration>)</Declaration>
            
            <DeclaredIn>PushConstants.h</DeclaredIn>
            
            <NodeRef refid="21"/>
        </Token>
        
        <Token>
            <TokenIdentifier>//apple_ref/c/econst/MobilePushGeofenceTypeProximity</TokenIdentifier>
            <Abstract type="html">MobilePushGeofenceTypeProximity</Abstract>
            <Declaration>MobilePushGeofenceTypeProximity</Declaration>
            
            <DeclaredIn>PushConstants.h</DeclaredIn>
            
            <NodeRef refid="21"/>
        </Token>
        
        
	</File>
</Tokens>