<?xml version="1.0" encoding="UTF-8"?>
<Tokens version="1.0">
	<File path="Classes/ETCloudPage.html">
		
		<Token>
			<TokenIdentifier>//apple_ref/occ/cl/ETCloudPage</TokenIdentifier>
			<Abstract type="html"></Abstract>
			<DeclaredIn>ETCloudPage.h</DeclaredIn>
            
			
			<NodeRef refid="2"/>
		</Token>
		
		
		<Token>
			<TokenIdentifier>//apple_ref/occ/instm/ETCloudPage/setMessageIdentifier:</TokenIdentifier>
			<Abstract type="html">Encoded ID from Salesforce. Will match the ID in MobilePush. This is the primary key.</Abstract>
			<DeclaredIn>ETCloudPage.h</DeclaredIn>
			
			<Declaration>@property (nonatomic, readonly, copy, nullable) NSString *messageIdentifier</Declaration>
			
			
			<Anchor>//api/name/messageIdentifier</Anchor>
            <NodeRef refid="2"/>
		</Token>
		
		<Token>
			<TokenIdentifier>//apple_ref/occ/instm/ETCloudPage/messageIdentifier</TokenIdentifier>
			<Abstract type="html">Encoded ID from Salesforce. Will match the ID in MobilePush. This is the primary key.</Abstract>
			<DeclaredIn>ETCloudPage.h</DeclaredIn>
			
			<Declaration>@property (nonatomic, readonly, copy, nullable) NSString *messageIdentifier</Declaration>
			
			
			<Anchor>//api/name/messageIdentifier</Anchor>
            <NodeRef refid="2"/>
		</Token>
		
		<Token>
			<TokenIdentifier>//apple_ref/occ/instp/ETCloudPage/messageIdentifier</TokenIdentifier>
			<Abstract type="html">Encoded ID from Salesforce. Will match the ID in MobilePush. This is the primary key.</Abstract>
			<DeclaredIn>ETCloudPage.h</DeclaredIn>
			
			<Declaration>@property (nonatomic, readonly, copy, nullable) NSString *messageIdentifier</Declaration>
			
			
			<Anchor>//api/name/messageIdentifier</Anchor>
            <NodeRef refid="2"/>
		</Token>
		
		<Token>
			<TokenIdentifier>//apple_ref/occ/instm/ETCloudPage/setMessageName:</TokenIdentifier>
			<Abstract type="html">This is the name which is set on SalesforceMarketingCloud, while setting the ETMessage</Abstract>
			<DeclaredIn>ETCloudPage.h</DeclaredIn>
			
			<Declaration>@property (nonatomic, readonly, copy, nullable) NSString *messageName</Declaration>
			
			
			<Anchor>//api/name/messageName</Anchor>
            <NodeRef refid="2"/>
		</Token>
		
		<Token>
			<TokenIdentifier>//apple_ref/occ/instm/ETCloudPage/messageName</TokenIdentifier>
			<Abstract type="html">This is the name which is set on SalesforceMarketingCloud, while setting the ETMessage</Abstract>
			<DeclaredIn>ETCloudPage.h</DeclaredIn>
			
			<Declaration>@property (nonatomic, readonly, copy, nullable) NSString *messageName</Declaration>
			
			
			<Anchor>//api/name/messageName</Anchor>
            <NodeRef refid="2"/>
		</Token>
		
		<Token>
			<TokenIdentifier>//apple_ref/occ/instp/ETCloudPage/messageName</TokenIdentifier>
			<Abstract type="html">This is the name which is set on SalesforceMarketingCloud, while setting the ETMessage</Abstract>
			<DeclaredIn>ETCloudPage.h</DeclaredIn>
			
			<Declaration>@property (nonatomic, readonly, copy, nullable) NSString *messageName</Declaration>
			
			
			<Anchor>//api/name/messageName</Anchor>
            <NodeRef refid="2"/>
		</Token>
		
		<Token>
			<TokenIdentifier>//apple_ref/occ/instm/ETCloudPage/setAlert:</TokenIdentifier>
			<Abstract type="html">The alert text of the message. This displays on the screen.</Abstract>
			<DeclaredIn>ETCloudPage.h</DeclaredIn>
			
			<Declaration>@property (nonatomic, readonly, copy, nullable) NSString *alert</Declaration>
			
			
			<Anchor>//api/name/alert</Anchor>
            <NodeRef refid="2"/>
		</Token>
		
		<Token>
			<TokenIdentifier>//apple_ref/occ/instm/ETCloudPage/alert</TokenIdentifier>
			<Abstract type="html">The alert text of the message. This displays on the screen.</Abstract>
			<DeclaredIn>ETCloudPage.h</DeclaredIn>
			
			<Declaration>@property (nonatomic, readonly, copy, nullable) NSString *alert</Declaration>
			
			
			<Anchor>//api/name/alert</Anchor>
            <NodeRef refid="2"/>
		</Token>
		
		<Token>
			<TokenIdentifier>//apple_ref/occ/instp/ETCloudPage/alert</TokenIdentifier>
			<Abstract type="html">The alert text of the message. This displays on the screen.</Abstract>
			<DeclaredIn>ETCloudPage.h</DeclaredIn>
			
			<Declaration>@property (nonatomic, readonly, copy, nullable) NSString *alert</Declaration>
			
			
			<Anchor>//api/name/alert</Anchor>
            <NodeRef refid="2"/>
		</Token>
		
		<Token>
			<TokenIdentifier>//apple_ref/occ/instm/ETCloudPage/setCategory:</TokenIdentifier>
			<Abstract type="html">The category name for an interactive notification if it has one.</Abstract>
			<DeclaredIn>ETCloudPage.h</DeclaredIn>
			
			<Declaration>@property (nonatomic, readonly, copy, nullable) NSString *category</Declaration>
			
			
			<Anchor>//api/name/category</Anchor>
            <NodeRef refid="2"/>
		</Token>
		
		<Token>
			<TokenIdentifier>//apple_ref/occ/instm/ETCloudPage/category</TokenIdentifier>
			<Abstract type="html">The category name for an interactive notification if it has one.</Abstract>
			<DeclaredIn>ETCloudPage.h</DeclaredIn>
			
			<Declaration>@property (nonatomic, readonly, copy, nullable) NSString *category</Declaration>
			
			
			<Anchor>//api/name/category</Anchor>
            <NodeRef refid="2"/>
		</Token>
		
		<Token>
			<TokenIdentifier>//apple_ref/occ/instp/ETCloudPage/category</TokenIdentifier>
			<Abstract type="html">The category name for an interactive notification if it has one.</Abstract>
			<DeclaredIn>ETCloudPage.h</DeclaredIn>
			
			<Declaration>@property (nonatomic, readonly, copy, nullable) NSString *category</Declaration>
			
			
			<Anchor>//api/name/category</Anchor>
            <NodeRef refid="2"/>
		</Token>
		
		<Token>
			<TokenIdentifier>//apple_ref/occ/instm/ETCloudPage/setKeyValuePairs:</TokenIdentifier>
			<Abstract type="html">An array of Key Value Pairs, or Custom Keys in local parlance, for this message. This will contain NSDictionary objects.</Abstract>
			<DeclaredIn>ETCloudPage.h</DeclaredIn>
			
			<Declaration>@property (nonatomic, readonly, copy, nullable) NSArray *keyValuePairs</Declaration>
			
			
			<Anchor>//api/name/keyValuePairs</Anchor>
            <NodeRef refid="2"/>
		</Token>
		
		<Token>
			<TokenIdentifier>//apple_ref/occ/instm/ETCloudPage/keyValuePairs</TokenIdentifier>
			<Abstract type="html">An array of Key Value Pairs, or Custom Keys in local parlance, for this message. This will contain NSDictionary objects.</Abstract>
			<DeclaredIn>ETCloudPage.h</DeclaredIn>
			
			<Declaration>@property (nonatomic, readonly, copy, nullable) NSArray *keyValuePairs</Declaration>
			
			
			<Anchor>//api/name/keyValuePairs</Anchor>
            <NodeRef refid="2"/>
		</Token>
		
		<Token>
			<TokenIdentifier>//apple_ref/occ/instp/ETCloudPage/keyValuePairs</TokenIdentifier>
			<Abstract type="html">An array of Key Value Pairs, or Custom Keys in local parlance, for this message. This will contain NSDictionary objects.</Abstract>
			<DeclaredIn>ETCloudPage.h</DeclaredIn>
			
			<Declaration>@property (nonatomic, readonly, copy, nullable) NSArray *keyValuePairs</Declaration>
			
			
			<Anchor>//api/name/keyValuePairs</Anchor>
            <NodeRef refid="2"/>
		</Token>
		
		<Token>
			<TokenIdentifier>//apple_ref/occ/instm/ETCloudPage/setStartDate:</TokenIdentifier>
			<Abstract type="html">The message&apos;s start date. Messages shouldn&apos;t show before this time.</Abstract>
			<DeclaredIn>ETCloudPage.h</DeclaredIn>
			
			<Declaration>@property (nonatomic, readonly, copy, nullable) NSDate *startDate</Declaration>
			
			
			<Anchor>//api/name/startDate</Anchor>
            <NodeRef refid="2"/>
		</Token>
		
		<Token>
			<TokenIdentifier>//apple_ref/occ/instm/ETCloudPage/startDate</TokenIdentifier>
			<Abstract type="html">The message&apos;s start date. Messages shouldn&apos;t show before this time.</Abstract>
			<DeclaredIn>ETCloudPage.h</DeclaredIn>
			
			<Declaration>@property (nonatomic, readonly, copy, nullable) NSDate *startDate</Declaration>
			
			
			<Anchor>//api/name/startDate</Anchor>
            <NodeRef refid="2"/>
		</Token>
		
		<Token>
			<TokenIdentifier>//apple_ref/occ/instp/ETCloudPage/startDate</TokenIdentifier>
			<Abstract type="html">The message&apos;s start date. Messages shouldn&apos;t show before this time.</Abstract>
			<DeclaredIn>ETCloudPage.h</DeclaredIn>
			
			<Declaration>@property (nonatomic, readonly, copy, nullable) NSDate *startDate</Declaration>
			
			
			<Anchor>//api/name/startDate</Anchor>
            <NodeRef refid="2"/>
		</Token>
		
		<Token>
			<TokenIdentifier>//apple_ref/occ/instm/ETCloudPage/setEndDate:</TokenIdentifier>
			<Abstract type="html">The message&apos;s end date. Messages shouldn&apos;t show after this time.</Abstract>
			<DeclaredIn>ETCloudPage.h</DeclaredIn>
			
			<Declaration>@property (nonatomic, readonly, copy, nullable) NSDate *endDate</Declaration>
			
			
			<Anchor>//api/name/endDate</Anchor>
            <NodeRef refid="2"/>
		</Token>
		
		<Token>
			<TokenIdentifier>//apple_ref/occ/instm/ETCloudPage/endDate</TokenIdentifier>
			<Abstract type="html">The message&apos;s end date. Messages shouldn&apos;t show after this time.</Abstract>
			<DeclaredIn>ETCloudPage.h</DeclaredIn>
			
			<Declaration>@property (nonatomic, readonly, copy, nullable) NSDate *endDate</Declaration>
			
			
			<Anchor>//api/name/endDate</Anchor>
            <NodeRef refid="2"/>
		</Token>
		
		<Token>
			<TokenIdentifier>//apple_ref/occ/instp/ETCloudPage/endDate</TokenIdentifier>
			<Abstract type="html">The message&apos;s end date. Messages shouldn&apos;t show after this time.</Abstract>
			<DeclaredIn>ETCloudPage.h</DeclaredIn>
			
			<Declaration>@property (nonatomic, readonly, copy, nullable) NSDate *endDate</Declaration>
			
			
			<Anchor>//api/name/endDate</Anchor>
            <NodeRef refid="2"/>
		</Token>
		
		<Token>
			<TokenIdentifier>//apple_ref/occ/instm/ETCloudPage/setSiteUrlAsString:</TokenIdentifier>
			<Abstract type="html">The Site URL for the ClouePage attached to this message. It is saved as an NSString and converted later to NSURL.</Abstract>
			<DeclaredIn>ETCloudPage.h</DeclaredIn>
			
			<Declaration>@property (nonatomic, readonly, copy, nullable) NSString *siteUrlAsString</Declaration>
			
			
			<Anchor>//api/name/siteUrlAsString</Anchor>
            <NodeRef refid="2"/>
		</Token>
		
		<Token>
			<TokenIdentifier>//apple_ref/occ/instm/ETCloudPage/siteUrlAsString</TokenIdentifier>
			<Abstract type="html">The Site URL for the ClouePage attached to this message. It is saved as an NSString and converted later to NSURL.</Abstract>
			<DeclaredIn>ETCloudPage.h</DeclaredIn>
			
			<Declaration>@property (nonatomic, readonly, copy, nullable) NSString *siteUrlAsString</Declaration>
			
			
			<Anchor>//api/name/siteUrlAsString</Anchor>
            <NodeRef refid="2"/>
		</Token>
		
		<Token>
			<TokenIdentifier>//apple_ref/occ/instp/ETCloudPage/siteUrlAsString</TokenIdentifier>
			<Abstract type="html">The Site URL for the ClouePage attached to this message. It is saved as an NSString and converted later to NSURL.</Abstract>
			<DeclaredIn>ETCloudPage.h</DeclaredIn>
			
			<Declaration>@property (nonatomic, readonly, copy, nullable) NSString *siteUrlAsString</Declaration>
			
			
			<Anchor>//api/name/siteUrlAsString</Anchor>
            <NodeRef refid="2"/>
		</Token>
		
		<Token>
			<TokenIdentifier>//apple_ref/occ/instm/ETCloudPage/setOpenDirectPayload:</TokenIdentifier>
			<Abstract type="html">OpenDirect payload for this message, if there is one.</Abstract>
			<DeclaredIn>ETCloudPage.h</DeclaredIn>
			
			<Declaration>@property (nonatomic, readonly, copy, nullable) NSString *openDirectPayload</Declaration>
			
			
			<Anchor>//api/name/openDirectPayload</Anchor>
            <NodeRef refid="2"/>
		</Token>
		
		<Token>
			<TokenIdentifier>//apple_ref/occ/instm/ETCloudPage/openDirectPayload</TokenIdentifier>
			<Abstract type="html">OpenDirect payload for this message, if there is one.</Abstract>
			<DeclaredIn>ETCloudPage.h</DeclaredIn>
			
			<Declaration>@property (nonatomic, readonly, copy, nullable) NSString *openDirectPayload</Declaration>
			
			
			<Anchor>//api/name/openDirectPayload</Anchor>
            <NodeRef refid="2"/>
		</Token>
		
		<Token>
			<TokenIdentifier>//apple_ref/occ/instp/ETCloudPage/openDirectPayload</TokenIdentifier>
			<Abstract type="html">OpenDirect payload for this message, if there is one.</Abstract>
			<DeclaredIn>ETCloudPage.h</DeclaredIn>
			
			<Declaration>@property (nonatomic, readonly, copy, nullable) NSString *openDirectPayload</Declaration>
			
			
			<Anchor>//api/name/openDirectPayload</Anchor>
            <NodeRef refid="2"/>
		</Token>
		
		<Token>
			<TokenIdentifier>//apple_ref/occ/instm/ETCloudPage/setRead:</TokenIdentifier>
			<Abstract type="html">Whether or not the message has been read. This must be set through markAsRead by the developer.</Abstract>
			<DeclaredIn>ETCloudPage.h</DeclaredIn>
			
			<Declaration>@property (nonatomic, readwrite, getter=isRead) BOOL read</Declaration>
			
			
			<Anchor>//api/name/read</Anchor>
            <NodeRef refid="2"/>
		</Token>
		
		<Token>
			<TokenIdentifier>//apple_ref/occ/instm/ETCloudPage/isRead</TokenIdentifier>
			<Abstract type="html">Whether or not the message has been read. This must be set through markAsRead by the developer.</Abstract>
			<DeclaredIn>ETCloudPage.h</DeclaredIn>
			
			<Declaration>@property (nonatomic, readwrite, getter=isRead) BOOL read</Declaration>
			
			
			<Anchor>//api/name/read</Anchor>
            <NodeRef refid="2"/>
		</Token>
		
		<Token>
			<TokenIdentifier>//apple_ref/occ/instp/ETCloudPage/read</TokenIdentifier>
			<Abstract type="html">Whether or not the message has been read. This must be set through markAsRead by the developer.</Abstract>
			<DeclaredIn>ETCloudPage.h</DeclaredIn>
			
			<Declaration>@property (nonatomic, readwrite, getter=isRead) BOOL read</Declaration>
			
			
			<Anchor>//api/name/read</Anchor>
            <NodeRef refid="2"/>
		</Token>
		
		<Token>
			<TokenIdentifier>//apple_ref/occ/instm/ETCloudPage/setSubject:</TokenIdentifier>
			<Abstract type="html">Use this for display in an inbox.</Abstract>
			<DeclaredIn>ETCloudPage.h</DeclaredIn>
			
			<Declaration>@property (nonatomic, readonly, copy, nullable) NSString *subject</Declaration>
			
			
			<Anchor>//api/name/subject</Anchor>
            <NodeRef refid="2"/>
		</Token>
		
		<Token>
			<TokenIdentifier>//apple_ref/occ/instm/ETCloudPage/subject</TokenIdentifier>
			<Abstract type="html">Use this for display in an inbox.</Abstract>
			<DeclaredIn>ETCloudPage.h</DeclaredIn>
			
			<Declaration>@property (nonatomic, readonly, copy, nullable) NSString *subject</Declaration>
			
			
			<Anchor>//api/name/subject</Anchor>
            <NodeRef refid="2"/>
		</Token>
		
		<Token>
			<TokenIdentifier>//apple_ref/occ/instp/ETCloudPage/subject</TokenIdentifier>
			<Abstract type="html">Use this for display in an inbox.</Abstract>
			<DeclaredIn>ETCloudPage.h</DeclaredIn>
			
			<Declaration>@property (nonatomic, readonly, copy, nullable) NSString *subject</Declaration>
			
			
			<Anchor>//api/name/subject</Anchor>
            <NodeRef refid="2"/>
		</Token>
		
		<Token>
			<TokenIdentifier>//apple_ref/occ/instm/ETCloudPage/setSiteURL:</TokenIdentifier>
			<Abstract type="html">A Cleansed Site URL as a proper NSURL. This is mostly for convenience.</Abstract>
			<DeclaredIn>ETCloudPage.h</DeclaredIn>
			
			<Declaration>@property (nonatomic, readonly, copy, nullable) NSURL *siteURL</Declaration>
			
			
			<Anchor>//api/name/siteURL</Anchor>
            <NodeRef refid="2"/>
		</Token>
		
		<Token>
			<TokenIdentifier>//apple_ref/occ/instm/ETCloudPage/siteURL</TokenIdentifier>
			<Abstract type="html">A Cleansed Site URL as a proper NSURL. This is mostly for convenience.</Abstract>
			<DeclaredIn>ETCloudPage.h</DeclaredIn>
			
			<Declaration>@property (nonatomic, readonly, copy, nullable) NSURL *siteURL</Declaration>
			
			
			<Anchor>//api/name/siteURL</Anchor>
            <NodeRef refid="2"/>
		</Token>
		
		<Token>
			<TokenIdentifier>//apple_ref/occ/instp/ETCloudPage/siteURL</TokenIdentifier>
			<Abstract type="html">A Cleansed Site URL as a proper NSURL. This is mostly for convenience.</Abstract>
			<DeclaredIn>ETCloudPage.h</DeclaredIn>
			
			<Declaration>@property (nonatomic, readonly, copy, nullable) NSURL *siteURL</Declaration>
			
			
			<Anchor>//api/name/siteURL</Anchor>
            <NodeRef refid="2"/>
		</Token>
		
		<Token>
			<TokenIdentifier>//apple_ref/occ/instm/ETCloudPage/markAsDeleted</TokenIdentifier>
			<Abstract type="html">Marks a message as deleted. They will not be returned after this, and it&apos;s irreversable.</Abstract>
			<DeclaredIn>ETCloudPage.h</DeclaredIn>
			
			<Declaration>- (BOOL)markAsDeleted</Declaration>
			
			
			<Anchor>//api/name/markAsDeleted</Anchor>
            <NodeRef refid="2"/>
		</Token>
		
		<Token>
			<TokenIdentifier>//apple_ref/occ/instm/ETCloudPage/markAsRead</TokenIdentifier>
			<Abstract type="html">Marks a message as read in the local cache. Read messages do not show up in the Inbox.</Abstract>
			<DeclaredIn>ETCloudPage.h</DeclaredIn>
			
			<Declaration>- (BOOL)markAsRead</Declaration>
			
			
			<Anchor>//api/name/markAsRead</Anchor>
            <NodeRef refid="2"/>
		</Token>
		
        
        
	</File>
</Tokens>