<?xml version="1.0" encoding="UTF-8"?>
<Tokens version="1.0">
	<File path="Constants/MobilePushMessageType.html">
		
		<Token>
			<TokenIdentifier>//apple_ref/c/tdef/MobilePushMessageType</TokenIdentifier>
			<Abstract type="html">Enumeration of the type of ETMessage this is.</Abstract>
			<DeclaredIn>ETMessage.h</DeclaredIn>
            
			
			<NodeRef refid="19"/>
		</Token>
		
		
        
        <Token>
            <TokenIdentifier>//apple_ref/c/econst/MobilePushMessageTypeUnknown</TokenIdentifier>
            <Abstract type="html">Unknown</Abstract>
            <Declaration>MobilePushMessageTypeUnknown</Declaration>
            
            <DeclaredIn>ETMessage.h</DeclaredIn>
            
            <NodeRef refid="19"/>
        </Token>
        
        <Token>
            <TokenIdentifier>//apple_ref/c/econst/MobilePushMessageTypeBasic</TokenIdentifier>
            <Abstract type="html">Basic - A standard push message</Abstract>
            <Declaration>MobilePushMessageTypeBasic</Declaration>
            
            <DeclaredIn>ETMessage.h</DeclaredIn>
            
            <NodeRef refid="19"/>
        </Token>
        
        <Token>
            <TokenIdentifier>//apple_ref/c/econst/MobilePushMessageTypeEnhanced</TokenIdentifier>
            <Abstract type="html">DO NOT USE - Was a CloudPage message, but that is a ContentType now</Abstract>
            <Declaration>MobilePushMessageTypeEnhanced</Declaration>
            
            <DeclaredIn>ETMessage.h</DeclaredIn>
            
            <NodeRef refid="19"/>
        </Token>
        
        <Token>
            <TokenIdentifier>//apple_ref/c/econst/MobilePushMessageTypeFenceEntry</TokenIdentifier>
            <Abstract type="html">Geofence Entry</Abstract>
            <Declaration>MobilePushMessageTypeFenceEntry</Declaration>
            
            <DeclaredIn>ETMessage.h</DeclaredIn>
            
            <NodeRef refid="19"/>
        </Token>
        
        <Token>
            <TokenIdentifier>//apple_ref/c/econst/MobilePushMessageTypeFenceExit</TokenIdentifier>
            <Abstract type="html">Geofence Exit</Abstract>
            <Declaration>MobilePushMessageTypeFenceExit</Declaration>
            
            <DeclaredIn>ETMessage.h</DeclaredIn>
            
            <NodeRef refid="19"/>
        </Token>
        
        <Token>
            <TokenIdentifier>//apple_ref/c/econst/MobilePushMessageTypeProximity</TokenIdentifier>
            <Abstract type="html">Proximity</Abstract>
            <Declaration>MobilePushMessageTypeProximity</Declaration>
            
            <DeclaredIn>ETMessage.h</DeclaredIn>
            
            <NodeRef refid="19"/>
        </Token>
        
        
	</File>
</Tokens>