<?xml version="1.0" encoding="UTF-8"?>
<Tokens version="1.0">
	<File path="Constants/MobilePushContentType.html">
		
		<Token>
			<TokenIdentifier>//apple_ref/c/tdef/MobilePushContentType</TokenIdentifier>
			<Abstract type="html">Bitmask of features that a message has. This is the representation of Push (AlertMessage), Push+Page (AlertMessage + Page), Page Only (Page) in the MobilePush UI.</Abstract>
			<DeclaredIn>PushConstants.h</DeclaredIn>
            
			
			<NodeRef refid="20"/>
		</Token>
		
		
        
        <Token>
            <TokenIdentifier>//apple_ref/c/econst/MobilePushContentTypeNone</TokenIdentifier>
            <Abstract type="html">Unknown</Abstract>
            <Declaration>MobilePushContentTypeNone</Declaration>
            
            <DeclaredIn>PushConstants.h</DeclaredIn>
            
            <NodeRef refid="20"/>
        </Token>
        
        <Token>
            <TokenIdentifier>//apple_ref/c/econst/MobilePushContentTypeAlertMessage</TokenIdentifier>
            <Abstract type="html">Push Message</Abstract>
            <Declaration>MobilePushContentTypeAlertMessage</Declaration>
            
            <DeclaredIn>PushConstants.h</DeclaredIn>
            
            <NodeRef refid="20"/>
        </Token>
        
        <Token>
            <TokenIdentifier>//apple_ref/c/econst/MobilePushContentTypePage</TokenIdentifier>
            <Abstract type="html">CloudPage</Abstract>
            <Declaration>MobilePushContentTypePage</Declaration>
            
            <DeclaredIn>PushConstants.h</DeclaredIn>
            
            <NodeRef refid="20"/>
        </Token>
        
        
	</File>
</Tokens>