<?xml version="1.0" encoding="UTF-8"?>
<Tokens version="1.0">
	<File path="Constants/ETRegionRequestType.html">
		
		<Token>
			<TokenIdentifier>//apple_ref/c/tdef/ETRegionRequestType</TokenIdentifier>
			<Abstract type="html">Enumeration to keep track of if the request is for Geofences or Proximity messages.</Abstract>
			<DeclaredIn>PushConstants.h</DeclaredIn>
            
			
			<NodeRef refid="16"/>
		</Token>
		
		
        
        <Token>
            <TokenIdentifier>//apple_ref/c/econst/ETRegionRequestTypeUnknown</TokenIdentifier>
            <Abstract type="html">ETRegionRequestTypeUnknown</Abstract>
            <Declaration>ETRegionRequestTypeUnknown</Declaration>
            
            <DeclaredIn>PushConstants.h</DeclaredIn>
            
            <NodeRef refid="16"/>
        </Token>
        
        <Token>
            <TokenIdentifier>//apple_ref/c/econst/ETRegionRequestTypeGeofence</TokenIdentifier>
            <Abstract type="html">ETRegionRequestTypeGeofence</Abstract>
            <Declaration>ETRegionRequestTypeGeofence</Declaration>
            
            <DeclaredIn>PushConstants.h</DeclaredIn>
            
            <NodeRef refid="16"/>
        </Token>
        
        <Token>
            <TokenIdentifier>//apple_ref/c/econst/ETRegionRequestTypeProximity</TokenIdentifier>
            <Abstract type="html">ETRegionRequestTypeProximity</Abstract>
            <Declaration>ETRegionRequestTypeProximity</Declaration>
            
            <DeclaredIn>PushConstants.h</DeclaredIn>
            
            <NodeRef refid="16"/>
        </Token>
        
        
	</File>
</Tokens>